"","ASV","#lca rank","#lca taxon","#kingdom","#phylum","#class","#order","#family","#genus","#species","#method","family","genus","FBname","DemersPelag","AnaCat","Importance"
"1","ASV1","species","Sebastes mentella","Eukaryota","Chordata","Actinopteri","Perciformes","Sebastidae","Sebastes","Sebastes mentella","best hit","Sebastidae","Sebastes","Beaked redfish","bathypelagic","oceanodromous","commercial"
"2","ASV2","species","Merluccius bilinearis","Eukaryota","Chordata","Actinopteri","Gadiformes","Merlucciidae","Merluccius","Merluccius bilinearis","best hit","Merlucciidae","Merluccius","Silver hake","demersal","oceanodromous","highly commercial"
"3","ASV3","species","Osmerus mordax","Eukaryota","Chordata","Actinopteri","Osmeriformes","Osmeridae","Osmerus","Osmerus mordax","best hit","Osmeridae","Osmerus","Rainbow smelt","pelagic-oceanic","anadromous","commercial"
"4","ASV4","species","Tautogolabrus adspersus","Eukaryota","Chordata","Actinopteri","Labriformes","Labridae","Tautogolabrus","Tautogolabrus adspersus","best hit","Labridae","Tautogolabrus","Cunner","reef-associated",NA,"commercial"
"5","ASV5","species","Gasterosteus aculeatus","Eukaryota","Chordata","Actinopteri","Perciformes","Gasterosteidae","Gasterosteus","Gasterosteus aculeatus","best hit","Gasterosteidae","Gasterosteus","Three-spined stickleback","benthopelagic","anadromous","minor commercial"
"6","ASV6","species","Salmo salar","Eukaryota","Chordata","Actinopteri","Salmoniformes","Salmonidae","Salmo","Salmo salar","best hit","Salmonidae","Salmo","Atlantic salmon","benthopelagic","anadromous","highly commercial"
"7","ASV7","species","Gadus morhua","Eukaryota","Chordata","Actinopteri","Gadiformes","Gadidae","Gadus","Gadus morhua","best hit","Gadidae","Gadus","Atlantic cod","benthopelagic","oceanodromous","highly commercial"
"8","ASV8","species","Megalocottus platycephalus","Eukaryota","Chordata","Actinopteri","Perciformes","Cottidae","Megalocottus","Megalocottus platycephalus","best hit",NA,NA,NA,NA,NA,NA
"9","ASV9","species","Salvelinus fontinalis","Eukaryota","Chordata","Actinopteri","Salmoniformes","Salmonidae","Salvelinus","Salvelinus fontinalis","best hit","Salmonidae","Salvelinus","Brook trout","benthopelagic","anadromous","minor commercial"
"10","ASV10","species","Pholis gunnellus","Eukaryota","Chordata","Actinopteri","Perciformes","Pholidae","Pholis","Pholis gunnellus","best hit","Pholidae","Pholis","Rock gunnel","demersal","non-migratory","of no interest"
"11","ASV11","species","Menidia menidia","Eukaryota","Chordata","Actinopteri","Atheriniformes","Atherinopsidae","Menidia","Menidia menidia","best hit","Atherinopsidae","Menidia","Atlantic silverside","pelagic-neritic","oceanodromous","minor commercial"
"12","ASV12","species","Ammodytes dubius","Eukaryota","Chordata","Actinopteri","Uranoscopiformes","Ammodytidae","Ammodytes","Ammodytes dubius","best hit","Ammodytidae","Ammodytes","Northern sand lance","demersal",NA,"of potential interest"
"13","ASV13","species","Fundulus heteroclitus","Eukaryota","Chordata","Actinopteri","Cyprinodontiformes","Fundulidae","Fundulus","Fundulus heteroclitus","best hit","Fundulidae","Fundulus","Mummichog","benthopelagic","non-migratory","commercial"
"14","ASV14","species","Anarhichas lupus","Eukaryota","Chordata","Actinopteri","Perciformes","Anarhichadidae","Anarhichas","Anarhichas lupus","best hit","Anarhichadidae","Anarhichas","Atlantic wolffish","demersal","oceanodromous","highly commercial"
"15","ASV15","species","Scomber scombrus","Eukaryota","Chordata","Actinopteri","Scombriformes","Scombridae","Scomber","Scomber scombrus","best hit","Scombridae","Scomber","Atlantic mackerel","pelagic-neritic","oceanodromous","highly commercial"
"16","ASV16","species","Syngnathus fuscus","Eukaryota","Chordata","Actinopteri","Syngnathiformes","Syngnathidae","Syngnathus","Syngnathus fuscus","best hit","Syngnathidae","Syngnathus","Northern pipefish","demersal","amphidromous",NA
"17","ASV17","species","Microgadus tomcod","Eukaryota","Chordata","Actinopteri","Gadiformes","Gadidae","Microgadus","Microgadus tomcod","best hit","Gadidae","Microgadus","Atlantic tomcod","demersal","anadromous","minor commercial"
"18","ASV18","species","Zoarces americanus","Eukaryota","Chordata","Actinopteri","Perciformes","Zoarcidae","Zoarces","Zoarces americanus","best hit","Zoarcidae","Zoarces","Ocean pout","demersal","oceanodromous","commercial"
"19","ASV19","species","Apeltes quadracus","Eukaryota","Chordata","Actinopteri","Perciformes","Gasterosteidae","Apeltes","Apeltes quadracus","best hit","Gasterosteidae","Apeltes","Fourspine stickleback","benthopelagic",NA,"commercial"
"20","ASV20","species","Urophycis chuss","Eukaryota","Chordata","Actinopteri","Gadiformes","Phycidae","Urophycis","Urophycis chuss","best hit","Phycidae","Urophycis","Red hake","demersal","oceanodromous","commercial"
"21","ASV21","species","Catostomus commersonii","Eukaryota","Chordata","Actinopteri","Cypriniformes","Catostomidae","Catostomus","Catostomus commersonii","best hit","Catostomidae","Catostomus","White sucker","demersal",NA,"minor commercial"
"22","ASV22","species","Scomber scombrus","Eukaryota","Chordata","Actinopteri","Scombriformes","Scombridae","Scomber","Scomber scombrus","best hit","Scombridae","Scomber","Atlantic mackerel","pelagic-neritic","oceanodromous","highly commercial"
"23","ASV23","species","Merluccius bilinearis","Eukaryota","Chordata","Actinopteri","Gadiformes","Merlucciidae","Merluccius","Merluccius bilinearis","best hit","Merlucciidae","Merluccius","Silver hake","demersal","oceanodromous","highly commercial"
"24","ASV24","species","Merluccius bilinearis","Eukaryota","Chordata","Actinopteri","Gadiformes","Merlucciidae","Merluccius","Merluccius bilinearis","best hit","Merlucciidae","Merluccius","Silver hake","demersal","oceanodromous","highly commercial"
"25","ASV25","species","Clupea harengus","Eukaryota","Chordata","Actinopteri","Clupeiformes","Clupeidae","Clupea","Clupea harengus","best hit","Clupeidae","Clupea","Atlantic herring","benthopelagic","oceanodromous","highly commercial"
"26","ASV26","species","Pholis gunnellus","Eukaryota","Chordata","Actinopteri","Perciformes","Pholidae","Pholis","Pholis gunnellus","best hit","Pholidae","Pholis","Rock gunnel","demersal","non-migratory","of no interest"
"27","ASV27","species","Salmo trutta","Eukaryota","Chordata","Actinopteri","Salmoniformes","Salmonidae","Salmo","Salmo trutta","best hit","Salmonidae","Salmo","Sea trout","pelagic-neritic","anadromous","commercial"
"28","ASV28","species","Phycis chesteri","Eukaryota","Chordata","Actinopteri","Gadiformes","Phycidae","Phycis","Phycis chesteri","best hit","Phycidae","Phycis","Longfin hake","benthopelagic","non-migratory","of potential interest"
"29","ASV29","species","Ammodytes personatus","Eukaryota","Chordata","Actinopteri","Uranoscopiformes","Ammodytidae","Ammodytes","Ammodytes personatus","best hit",NA,NA,NA,NA,NA,NA
"30","ASV30","species","Glyptocephalus cynoglossus","Eukaryota","Chordata","Actinopteri","Pleuronectiformes","Pleuronectidae","Glyptocephalus","Glyptocephalus cynoglossus","best hit","Pleuronectidae","Glyptocephalus","Witch flounder","demersal","oceanodromous","commercial"
"31","ASV31","species","Scomberesox saurus","Eukaryota","Chordata","Actinopteri","Beloniformes","Belonidae","Scomberesox","Scomberesox saurus","best hit","Scomberesocidae","Scomberesox","Atlantic saury","pelagic-oceanic","oceanodromous","minor commercial"
"32","ASV32","species","Cetorhinus maximus","Eukaryota","Chordata","Chondrichthyes","Lamniformes","Alopiidae","Cetorhinus","Cetorhinus maximus","best hit","Cetorhinidae","Cetorhinus","Basking shark","pelagic-oceanic","oceanodromous","commercial"
"33","ASV33","species","Hippoglossoides platessoides","Eukaryota","Chordata","Actinopteri","Pleuronectiformes","Pleuronectidae","Hippoglossoides","Hippoglossoides platessoides","best hit","Pleuronectidae","Hippoglossoides","American plaice","demersal","oceanodromous","highly commercial"
"34","ASV34","species","Myoxocephalus octodecemspinosus","Eukaryota","Chordata","Actinopteri","Perciformes","Cottidae","Myoxocephalus","Myoxocephalus octodecemspinosus","best hit","Cottidae","Myoxocephalus","Longhorn sculpin","demersal",NA,NA
"35","ASV35","species","Citharichthys arctifrons","Eukaryota","Chordata","Actinopteri","Pleuronectiformes","Cyclopsettidae","Citharichthys","Citharichthys arctifrons","best hit","Paralichthyidae","Citharichthys","Gulf Stream flounder","demersal",NA,NA
"36","ASV36","species","Melanogrammus aeglefinus","Eukaryota","Chordata","Actinopteri","Gadiformes","Gadidae","Melanogrammus","Melanogrammus aeglefinus","best hit","Gadidae","Melanogrammus","Haddock","demersal","oceanodromous","highly commercial"
"37","ASV37","species","Paralepididae sp.","Eukaryota","Chordata","Actinopteri","Aulopiformes","Paralepididae","unknown genus","Paralepididae sp.","best hit",NA,NA,NA,NA,NA,NA
"38","ASV38","species","Benthosema glaciale","Eukaryota","Chordata","Actinopteri","Myctophiformes","Myctophidae","Benthosema","Benthosema glaciale","best hit","Myctophidae","Benthosema","Glacier lantern fish","pelagic-oceanic","non-migratory","of potential interest"
"39","ASV39","species","Myoxocephalus aenaeus","Eukaryota","Chordata","Actinopteri","Perciformes","Cottidae","Myoxocephalus","Myoxocephalus aenaeus","best hit","Cottidae","Myoxocephalus","Grubby","demersal",NA,NA
"40","ASV40","species","Gasterosteus aculeatus","Eukaryota","Chordata","Actinopteri","Perciformes","Gasterosteidae","Gasterosteus","Gasterosteus aculeatus","best hit","Gasterosteidae","Gasterosteus","Three-spined stickleback","benthopelagic","anadromous","minor commercial"
"41","ASV41","species","Triglops murrayi","Eukaryota","Chordata","Actinopteri","Perciformes","Cottidae","Triglops","Triglops murrayi","best hit","Cottidae","Triglops","Moustache sculpin","demersal","non-migratory","of no interest"
"42","ASV42","order","Perciformes","Eukaryota","Chordata","Actinopteri","Perciformes","no identification","no identification","no identification","lca",NA,NA,NA,NA,NA,NA
"43","ASV43","species","Enchelyopus cimbrius","Eukaryota","Chordata","Actinopteri","Gadiformes","Gaidropsaridae","Enchelyopus","Enchelyopus cimbrius","best hit","Lotidae","Enchelyopus","Fourbeard rockling","demersal","oceanodromous","minor commercial"
"44","ASV44","species","Leucoraja erinaceus","Eukaryota","Chordata","Chondrichthyes","Rajiformes","Rajidae","Leucoraja","Leucoraja erinaceus","best hit","Rajidae","Leucoraja","Little skate","demersal","oceanodromous",NA
"45","ASV45","species","Amblyraja radiata","Eukaryota","Chordata","Chondrichthyes","Rajiformes","Rajidae","Amblyraja","Amblyraja radiata","best hit","Rajidae","Amblyraja","Starry ray","demersal","oceanodromous","minor commercial"
"46","ASV46","species","Pungitius pungitius","Eukaryota","Chordata","Actinopteri","Perciformes","Gasterosteidae","Pungitius","Pungitius pungitius","best hit","Gasterosteidae","Pungitius","Ninespine stickleback","benthopelagic","anadromous","subsistence fisheries"
"47","ASV47","species","Syngnathus fuscus","Eukaryota","Chordata","Actinopteri","Syngnathiformes","Syngnathidae","Syngnathus","Syngnathus fuscus","best hit","Syngnathidae","Syngnathus","Northern pipefish","demersal","amphidromous",NA
"48","ASV48","species","Glyptocephalus cynoglossus","Eukaryota","Chordata","Actinopteri","Pleuronectiformes","Pleuronectidae","Glyptocephalus","Glyptocephalus cynoglossus","best hit","Pleuronectidae","Glyptocephalus","Witch flounder","demersal","oceanodromous","commercial"
"49","ASV49","species","Hippoglossus hippoglossus","Eukaryota","Chordata","Actinopteri","Pleuronectiformes","Pleuronectidae","Hippoglossus","Hippoglossus hippoglossus","best hit","Pleuronectidae","Hippoglossus","Atlantic halibut","demersal","oceanodromous","commercial"
"50","ASV50","species","Lophius americanus","Eukaryota","Chordata","Actinopteri","Lophiiformes","Lophiidae","Lophius","Lophius americanus","best hit","Lophiidae","Lophius","American angler","demersal","oceanodromous","highly commercial"
"51","ASV51","species","Ammodytes dubius","Eukaryota","Chordata","Actinopteri","Uranoscopiformes","Ammodytidae","Ammodytes","Ammodytes dubius","best hit","Ammodytidae","Ammodytes","Northern sand lance","demersal",NA,"of potential interest"
"52","ASV53","species","Morone americana","Eukaryota","Chordata","Actinopteri","unknown order","Moronidae","Morone","Morone americana","best hit","Moronidae","Morone","White perch","benthopelagic","anadromous","minor commercial"
"53","ASV54","species","Hemitripterus americanus","Eukaryota","Chordata","Actinopteri","Perciformes","Agonidae","Hemitripterus","Hemitripterus americanus","best hit","Hemitripteridae","Hemitripterus","Sea raven","demersal",NA,NA
"54","ASV55","species","Pleuronectes platessa","Eukaryota","Chordata","Actinopteri","Pleuronectiformes","Pleuronectidae","Pleuronectes","Pleuronectes platessa","best hit","Pleuronectidae","Pleuronectes","European plaice","demersal","oceanodromous","highly commercial"
"55","ASV56","species","Cryptacanthodes maculatus","Eukaryota","Chordata","Actinopteri","Perciformes","Cryptacanthodidae","Cryptacanthodes","Cryptacanthodes maculatus","best hit","Cryptacanthodidae","Cryptacanthodes","Wrymouth","demersal",NA,NA
"56","ASV57","species","Liparis bathyarcticus","Eukaryota","Chordata","Actinopteri","Perciformes","Liparidae","Liparis","Liparis bathyarcticus","best hit",NA,NA,NA,NA,NA,NA
"57","ASV59","species","Peprilus triacanthus","Eukaryota","Chordata","Actinopteri","Scombriformes","Stromateidae","Peprilus","Peprilus triacanthus","best hit","Stromateidae","Peprilus","Atlantic butterfish","benthopelagic","oceanodromous","commercial"
"58","ASV60","species","Oncorhynchus mykiss","Eukaryota","Chordata","Actinopteri","Salmoniformes","Salmonidae","Oncorhynchus","Oncorhynchus mykiss","best hit","Salmonidae","Oncorhynchus","Rainbow trout","benthopelagic","anadromous","highly commercial"
"59","ASV61","species","Mallotus villosus","Eukaryota","Chordata","Actinopteri","Osmeriformes","Salangidae","Mallotus","Mallotus villosus","best hit","Osmeridae","Mallotus","Capelin","pelagic-oceanic","anadromous","highly commercial"
"60","ASV62","species","Ammodytes cf. americanus","Eukaryota","Chordata","Actinopteri","Uranoscopiformes","Ammodytidae","Ammodytes","Ammodytes cf. americanus","best hit",NA,NA,NA,NA,NA,NA
"61","ASV63","species","Malacoraja kreffti","Eukaryota","Chordata","Chondrichthyes","Rajiformes","Rajidae","Malacoraja","Malacoraja kreffti","best hit",NA,NA,NA,NA,NA,NA
"62","ASV64","species","Lumpenus lampretaeformis","Eukaryota","Chordata","Actinopteri","Perciformes","Stichaeidae","Lumpenus","Lumpenus lampretaeformis","best hit","Stichaeidae","Lumpenus","Snakeblenny","demersal","non-migratory","of no interest"
"63","ASV66","species","Eumicrotremus spinosus","Eukaryota","Chordata","Actinopteri","Perciformes","Cyclopteridae","Eumicrotremus","Eumicrotremus spinosus","best hit","Cyclopteridae","Eumicrotremus","Atlantic spiny lumpsucker","demersal",NA,NA
"64","ASV67","species","Mola mola","Eukaryota","Chordata","Actinopteri","Tetraodontiformes","Molidae","Mola","Mola mola","best hit","Molidae","Mola","Ocean sunfish","pelagic-oceanic","oceanodromous","minor commercial"
"65","ASV68","species","Fundulus diaphanus","Eukaryota","Chordata","Actinopteri","Cyprinodontiformes","Fundulidae","Fundulus","Fundulus diaphanus","best hit","Fundulidae","Fundulus","Banded killifish","benthopelagic","non-migratory","commercial"
"66","ASV69","species","Lycodes tanakae","Eukaryota","Chordata","Actinopteri","Perciformes","Zoarcidae","Lycodes","Lycodes tanakae","best hit",NA,NA,NA,NA,NA,NA
"67","ASV70","species","Leucoraja erinaceus","Eukaryota","Chordata","Chondrichthyes","Rajiformes","Rajidae","Leucoraja","Leucoraja erinaceus","best hit","Rajidae","Leucoraja","Little skate","demersal","oceanodromous",NA
"68","ASV71","species","Brosme brosme","Eukaryota","Chordata","Actinopteri","Gadiformes","Lotidae","Brosme","Brosme brosme","best hit","Lotidae","Brosme","Cusk","demersal","oceanodromous","highly commercial"
"69","ASV72","species","Squalus acanthias","Eukaryota","Chordata","Chondrichthyes","Squaliformes","Squalidae","Squalus","Squalus acanthias","best hit","Squalidae","Squalus","Picked dogfish","bathydemersal","oceanodromous","commercial"
"70","ASV73","species","Fundulus diaphanus","Eukaryota","Chordata","Actinopteri","Cyprinodontiformes","Fundulidae","Fundulus","Fundulus diaphanus","best hit","Fundulidae","Fundulus","Banded killifish","benthopelagic","non-migratory","commercial"
"71","ASV74","species","Zoarces americanus","Eukaryota","Chordata","Actinopteri","Perciformes","Zoarcidae","Zoarces","Zoarces americanus","best hit","Zoarcidae","Zoarces","Ocean pout","demersal","oceanodromous","commercial"
"72","ASV75","species","Eumicrotremus spinosus","Eukaryota","Chordata","Actinopteri","Perciformes","Cyclopteridae","Eumicrotremus","Eumicrotremus spinosus","best hit","Cyclopteridae","Eumicrotremus","Atlantic spiny lumpsucker","demersal",NA,NA
"73","ASV76","species","Merluccius bilinearis","Eukaryota","Chordata","Actinopteri","Gadiformes","Merlucciidae","Merluccius","Merluccius bilinearis","best hit","Merlucciidae","Merluccius","Silver hake","demersal","oceanodromous","highly commercial"
"74","ASV77","species","Merluccius bilinearis","Eukaryota","Chordata","Actinopteri","Gadiformes","Merlucciidae","Merluccius","Merluccius bilinearis","best hit","Merlucciidae","Merluccius","Silver hake","demersal","oceanodromous","highly commercial"
"75","ASV78","species","Lampanyctus macdonaldi","Eukaryota","Chordata","Actinopteri","Myctophiformes","Myctophidae","Lampanyctus","Lampanyctus macdonaldi","best hit","Myctophidae","Lampanyctus","Rakery beaconlamp","bathypelagic","oceanodromous",NA
"76","ASV79","species","Catostomus commersonii","Eukaryota","Chordata","Actinopteri","Cypriniformes","Catostomidae","Catostomus","Catostomus commersonii","best hit","Catostomidae","Catostomus","White sucker","demersal",NA,"minor commercial"
"77","ASV80","species","Urophycis chuss","Eukaryota","Chordata","Actinopteri","Gadiformes","Phycidae","Urophycis","Urophycis chuss","best hit","Phycidae","Urophycis","Red hake","demersal","oceanodromous","commercial"
"78","ASV81","species","Melanogrammus aeglefinus","Eukaryota","Chordata","Actinopteri","Gadiformes","Gadidae","Melanogrammus","Melanogrammus aeglefinus","best hit","Gadidae","Melanogrammus","Haddock","demersal","oceanodromous","highly commercial"
"79","ASV83","species","Perca flavescens","Eukaryota","Chordata","Actinopteri","Perciformes","Percidae","Perca","Perca flavescens","best hit","Percidae","Perca","American yellow perch","benthopelagic",NA,"commercial"
"80","ASV84","species","Pollachius virens","Eukaryota","Chordata","Actinopteri","Gadiformes","Gadidae","Pollachius","Pollachius virens","best hit","Gadidae","Pollachius","Saithe","demersal","oceanodromous","highly commercial"
"81","ASV86","species","Gadus morhua","Eukaryota","Chordata","Actinopteri","Gadiformes","Gadidae","Gadus","Gadus morhua","best hit","Gadidae","Gadus","Atlantic cod","benthopelagic","oceanodromous","highly commercial"
"82","ASV87","species","Morone saxatilis","Eukaryota","Chordata","Actinopteri","unknown order","Moronidae","Morone","Morone saxatilis","best hit","Moronidae","Morone","Striped bass","demersal","anadromous","minor commercial"
"83","ASV88","species","Gasterosteus aculeatus","Eukaryota","Chordata","Actinopteri","Perciformes","Gasterosteidae","Gasterosteus","Gasterosteus aculeatus","best hit","Gasterosteidae","Gasterosteus","Three-spined stickleback","benthopelagic","anadromous","minor commercial"
"84","ASV89","species","Clupea harengus","Eukaryota","Chordata","Actinopteri","Clupeiformes","Clupeidae","Clupea","Clupea harengus","best hit","Clupeidae","Clupea","Atlantic herring","benthopelagic","oceanodromous","highly commercial"
"85","ASV90","species","Ammodytes dubius","Eukaryota","Chordata","Actinopteri","Uranoscopiformes","Ammodytidae","Ammodytes","Ammodytes dubius","best hit","Ammodytidae","Ammodytes","Northern sand lance","demersal",NA,"of potential interest"
"86","ASV91","species","Merluccius bilinearis","Eukaryota","Chordata","Actinopteri","Gadiformes","Merlucciidae","Merluccius","Merluccius bilinearis","best hit","Merlucciidae","Merluccius","Silver hake","demersal","oceanodromous","highly commercial"
"87","ASV92","species","Conger oceanicus","Eukaryota","Chordata","Actinopteri","Anguilliformes","Congridae","Conger","Conger oceanicus","best hit","Congridae","Conger","American conger","demersal","oceanodromous","minor commercial"
"88","ASV93","species","Clupea harengus","Eukaryota","Chordata","Actinopteri","Clupeiformes","Clupeidae","Clupea","Clupea harengus","best hit","Clupeidae","Clupea","Atlantic herring","benthopelagic","oceanodromous","highly commercial"
"89","ASV94","species","Pungitius laevis","Eukaryota","Chordata","Actinopteri","Perciformes","Gasterosteidae","Pungitius","Pungitius laevis","best hit",NA,NA,NA,NA,NA,NA
"90","ASV95","species","Notoscopelus elongatus","Eukaryota","Chordata","Actinopteri","Myctophiformes","Myctophidae","Notoscopelus","Notoscopelus elongatus","best hit",NA,NA,NA,NA,NA,NA
"91","ASV96","species","Gadus morhua","Eukaryota","Chordata","Actinopteri","Gadiformes","Gadidae","Gadus","Gadus morhua","best hit","Gadidae","Gadus","Atlantic cod","benthopelagic","oceanodromous","highly commercial"
"92","ASV97","species","Merluccius bilinearis","Eukaryota","Chordata","Actinopteri","Gadiformes","Merlucciidae","Merluccius","Merluccius bilinearis","best hit","Merlucciidae","Merluccius","Silver hake","demersal","oceanodromous","highly commercial"
"93","ASV98","species","Pollachius virens","Eukaryota","Chordata","Actinopteri","Gadiformes","Gadidae","Pollachius","Pollachius virens","best hit","Gadidae","Pollachius","Saithe","demersal","oceanodromous","highly commercial"
"94","ASV99","species","Gadus morhua","Eukaryota","Chordata","Actinopteri","Gadiformes","Gadidae","Gadus","Gadus morhua","best hit","Gadidae","Gadus","Atlantic cod","benthopelagic","oceanodromous","highly commercial"
"95","ASV100","species","Dipturus batis","Eukaryota","Chordata","Chondrichthyes","Rajiformes","Rajidae","Dipturus","Dipturus batis","best hit",NA,NA,NA,NA,NA,NA
"96","ASV101","species","Pontinus rathbuni","Eukaryota","Chordata","Actinopteri","Perciformes","Scorpaenidae","Pontinus","Pontinus rathbuni","best hit","Scorpaenidae","Pontinus","Highfin scorpionfish","demersal",NA,NA
"97","ASV102","family","Cottidae","Eukaryota","Chordata","Actinopteri","Perciformes","Cottidae","no identification","no identification","lca",NA,NA,NA,NA,NA,NA
"98","ASV103","species","Tautogolabrus adspersus","Eukaryota","Chordata","Actinopteri","Labriformes","Labridae","Tautogolabrus","Tautogolabrus adspersus","best hit","Labridae","Tautogolabrus","Cunner","reef-associated",NA,"commercial"
"99","ASV104","species","Merluccius albidus","Eukaryota","Chordata","Actinopteri","Gadiformes","Merlucciidae","Merluccius","Merluccius albidus","best hit","Merlucciidae","Merluccius","Offshore silver hake","bathydemersal","non-migratory","minor commercial"
"100","ASV105","species","Merluccius bilinearis","Eukaryota","Chordata","Actinopteri","Gadiformes","Merlucciidae","Merluccius","Merluccius bilinearis","best hit","Merlucciidae","Merluccius","Silver hake","demersal","oceanodromous","highly commercial"
"101","ASV106","species","Ammodytes americanus","Eukaryota","Chordata","Actinopteri","Uranoscopiformes","Ammodytidae","Ammodytes","Ammodytes americanus","best hit","Ammodytidae","Ammodytes","American sand lance","demersal",NA,"of potential interest"
"102","ASV107","species","Salvelinus fontinalis","Eukaryota","Chordata","Actinopteri","Salmoniformes","Salmonidae","Salvelinus","Salvelinus fontinalis","best hit","Salmonidae","Salvelinus","Brook trout","benthopelagic","anadromous","minor commercial"
"103","ASV108","species","Paralepididae sp.","Eukaryota","Chordata","Actinopteri","Aulopiformes","Paralepididae","unknown genus","Paralepididae sp.","best hit",NA,NA,NA,NA,NA,NA
"104","ASV109","species","Merluccius bilinearis","Eukaryota","Chordata","Actinopteri","Gadiformes","Merlucciidae","Merluccius","Merluccius bilinearis","best hit","Merlucciidae","Merluccius","Silver hake","demersal","oceanodromous","highly commercial"
"105","ASV110","species","Clupea harengus","Eukaryota","Chordata","Actinopteri","Clupeiformes","Clupeidae","Clupea","Clupea harengus","best hit","Clupeidae","Clupea","Atlantic herring","benthopelagic","oceanodromous","highly commercial"
"106","ASV111","species","Merluccius bilinearis","Eukaryota","Chordata","Actinopteri","Gadiformes","Merlucciidae","Merluccius","Merluccius bilinearis","best hit","Merlucciidae","Merluccius","Silver hake","demersal","oceanodromous","highly commercial"
"107","ASV112","species","Benthosema glaciale","Eukaryota","Chordata","Actinopteri","Myctophiformes","Myctophidae","Benthosema","Benthosema glaciale","best hit","Myctophidae","Benthosema","Glacier lantern fish","pelagic-oceanic","non-migratory","of potential interest"
"108","ASV113","species","Hippoglossina oblonga","Eukaryota","Chordata","Actinopteri","Pleuronectiformes","Paralichthyidae","Hippoglossina","Hippoglossina oblonga","best hit","Paralichthyidae","Hippoglossina","American fourspot flounder","demersal",NA,"commercial"
"109","ASV114","species","Clupea harengus","Eukaryota","Chordata","Actinopteri","Clupeiformes","Clupeidae","Clupea","Clupea harengus","best hit","Clupeidae","Clupea","Atlantic herring","benthopelagic","oceanodromous","highly commercial"
"110","ASV115","species","Tautogolabrus adspersus","Eukaryota","Chordata","Actinopteri","Labriformes","Labridae","Tautogolabrus","Tautogolabrus adspersus","best hit","Labridae","Tautogolabrus","Cunner","reef-associated",NA,"commercial"
"111","ASV116","species","Ammodytes dubius","Eukaryota","Chordata","Actinopteri","Uranoscopiformes","Ammodytidae","Ammodytes","Ammodytes dubius","best hit","Ammodytidae","Ammodytes","Northern sand lance","demersal",NA,"of potential interest"
"112","ASV117","species","Notoscopelus elongatus","Eukaryota","Chordata","Actinopteri","Myctophiformes","Myctophidae","Notoscopelus","Notoscopelus elongatus","best hit",NA,NA,NA,NA,NA,NA
"113","ASV118","species","Semotilus atromaculatus","Eukaryota","Chordata","Actinopteri","Cypriniformes","Leuciscidae","Semotilus","Semotilus atromaculatus","best hit",NA,NA,NA,NA,NA,NA
"114","ASV119","species","Zenopsis conchifer","Eukaryota","Chordata","Actinopteri","Zeiformes","Zeidae","Zenopsis","Zenopsis conchifer","best hit","Zeidae","Zenopsis","Silvery John dory","benthopelagic",NA,"commercial"
"115","ASV120","genus","Liparis","Eukaryota","Chordata","Actinopteri","Perciformes","Liparidae","Liparis","no identification","lca",NA,NA,NA,NA,NA,NA
"116","ASV121","species","Salmo salar","Eukaryota","Chordata","Actinopteri","Salmoniformes","Salmonidae","Salmo","Salmo salar","best hit","Salmonidae","Salmo","Atlantic salmon","benthopelagic","anadromous","highly commercial"
"117","ASV122","species","Pholis gunnellus","Eukaryota","Chordata","Actinopteri","Perciformes","Pholidae","Pholis","Pholis gunnellus","best hit","Pholidae","Pholis","Rock gunnel","demersal","non-migratory","of no interest"
"118","ASV123","species","Apeltes quadracus","Eukaryota","Chordata","Actinopteri","Perciformes","Gasterosteidae","Apeltes","Apeltes quadracus","best hit","Gasterosteidae","Apeltes","Fourspine stickleback","benthopelagic",NA,"commercial"
"119","ASV124","species","Amblyraja radiata","Eukaryota","Chordata","Chondrichthyes","Rajiformes","Rajidae","Amblyraja","Amblyraja radiata","best hit","Rajidae","Amblyraja","Starry ray","demersal","oceanodromous","minor commercial"
"120","ASV125","species","Menidia menidia","Eukaryota","Chordata","Actinopteri","Atheriniformes","Atherinopsidae","Menidia","Menidia menidia","best hit","Atherinopsidae","Menidia","Atlantic silverside","pelagic-neritic","oceanodromous","minor commercial"
"121","ASV126","species","Gasterosteus wheatlandi","Eukaryota","Chordata","Actinopteri","Perciformes","Gasterosteidae","Gasterosteus","Gasterosteus wheatlandi","best hit","Gasterosteidae","Gasterosteus","Blackspotted stickleback","benthopelagic",NA,NA
"122","ASV127","species","Lampanyctus australis","Eukaryota","Chordata","Actinopteri","Myctophiformes","Myctophidae","Lampanyctus","Lampanyctus australis","best hit",NA,NA,NA,NA,NA,NA
"123","ASV128","species","Gasterosteus aculeatus","Eukaryota","Chordata","Actinopteri","Perciformes","Gasterosteidae","Gasterosteus","Gasterosteus aculeatus","best hit","Gasterosteidae","Gasterosteus","Three-spined stickleback","benthopelagic","anadromous","minor commercial"
"124","ASV129","species","Semotilus atromaculatus","Eukaryota","Chordata","Actinopteri","Cypriniformes","Leuciscidae","Semotilus","Semotilus atromaculatus","best hit",NA,NA,NA,NA,NA,NA
"125","ASV130","species","Ammodytes marinus","Eukaryota","Chordata","Actinopteri","Uranoscopiformes","Ammodytidae","Ammodytes","Ammodytes marinus","best hit","Ammodytidae","Ammodytes","Lesser sand-eel","benthopelagic",NA,"commercial"
"126","ASV131","species","Scomber scombrus","Eukaryota","Chordata","Actinopteri","Scombriformes","Scombridae","Scomber","Scomber scombrus","best hit","Scombridae","Scomber","Atlantic mackerel","pelagic-neritic","oceanodromous","highly commercial"
"127","ASV132","species","Urophycis chuss","Eukaryota","Chordata","Actinopteri","Gadiformes","Phycidae","Urophycis","Urophycis chuss","best hit","Phycidae","Urophycis","Red hake","demersal","oceanodromous","commercial"
"128","ASV134","species","Morone americana","Eukaryota","Chordata","Actinopteri","unknown order","Moronidae","Morone","Morone americana","best hit","Moronidae","Morone","White perch","benthopelagic","anadromous","minor commercial"
"129","ASV135","species","Osmerus mordax","Eukaryota","Chordata","Actinopteri","Osmeriformes","Osmeridae","Osmerus","Osmerus mordax","best hit","Osmeridae","Osmerus","Rainbow smelt","pelagic-oceanic","anadromous","commercial"
"130","ASV136","species","Osmerus mordax","Eukaryota","Chordata","Actinopteri","Osmeriformes","Osmeridae","Osmerus","Osmerus mordax","best hit","Osmeridae","Osmerus","Rainbow smelt","pelagic-oceanic","anadromous","commercial"
"131","ASV137","species","Gadus morhua","Eukaryota","Chordata","Actinopteri","Gadiformes","Gadidae","Gadus","Gadus morhua","best hit","Gadidae","Gadus","Atlantic cod","benthopelagic","oceanodromous","highly commercial"
"132","ASV138","species","Brosme brosme","Eukaryota","Chordata","Actinopteri","Gadiformes","Lotidae","Brosme","Brosme brosme","best hit","Lotidae","Brosme","Cusk","demersal","oceanodromous","highly commercial"
"133","ASV140","species","Gasterosteus aculeatus","Eukaryota","Chordata","Actinopteri","Perciformes","Gasterosteidae","Gasterosteus","Gasterosteus aculeatus","best hit","Gasterosteidae","Gasterosteus","Three-spined stickleback","benthopelagic","anadromous","minor commercial"
"134","ASV141","species","Myoxocephalus aenaeus","Eukaryota","Chordata","Actinopteri","Perciformes","Cottidae","Myoxocephalus","Myoxocephalus aenaeus","best hit","Cottidae","Myoxocephalus","Grubby","demersal",NA,NA
"135","ASV142","species","Pholis gunnellus","Eukaryota","Chordata","Actinopteri","Perciformes","Pholidae","Pholis","Pholis gunnellus","best hit","Pholidae","Pholis","Rock gunnel","demersal","non-migratory","of no interest"
"136","ASV143","species","Clupea harengus","Eukaryota","Chordata","Actinopteri","Clupeiformes","Clupeidae","Clupea","Clupea harengus","best hit","Clupeidae","Clupea","Atlantic herring","benthopelagic","oceanodromous","highly commercial"
"137","ASV144","species","Chrosomus neogaeus","Eukaryota","Chordata","Actinopteri","Cypriniformes","Leuciscidae","Chrosomus","Chrosomus neogaeus","best hit",NA,NA,NA,NA,NA,NA
"138","ASV147","species","Dermochelys coriacea","Eukaryota","Chordata","unknown class","Testudines","Dermochelyidae","Dermochelys","Dermochelys coriacea","best hit",NA,NA,NA,NA,NA,NA
"139","ASV148","species","Gadus morhua","Eukaryota","Chordata","Actinopteri","Gadiformes","Gadidae","Gadus","Gadus morhua","best hit","Gadidae","Gadus","Atlantic cod","benthopelagic","oceanodromous","highly commercial"
"140","ASV150","species","Gasterosteus aculeatus","Eukaryota","Chordata","Actinopteri","Perciformes","Gasterosteidae","Gasterosteus","Gasterosteus aculeatus","best hit","Gasterosteidae","Gasterosteus","Three-spined stickleback","benthopelagic","anadromous","minor commercial"
"141","ASV151","species","Gasterosteus aculeatus","Eukaryota","Chordata","Actinopteri","Perciformes","Gasterosteidae","Gasterosteus","Gasterosteus aculeatus","best hit","Gasterosteidae","Gasterosteus","Three-spined stickleback","benthopelagic","anadromous","minor commercial"
"142","ASV152","species","Lycodes nakamurae","Eukaryota","Chordata","Actinopteri","Perciformes","Zoarcidae","Lycodes","Lycodes nakamurae","best hit",NA,NA,NA,NA,NA,NA
"143","ASV153","species","Tautogolabrus adspersus","Eukaryota","Chordata","Actinopteri","Labriformes","Labridae","Tautogolabrus","Tautogolabrus adspersus","best hit","Labridae","Tautogolabrus","Cunner","reef-associated",NA,"commercial"
"144","ASV155","species","Gasterosteus aculeatus","Eukaryota","Chordata","Actinopteri","Perciformes","Gasterosteidae","Gasterosteus","Gasterosteus aculeatus","best hit","Gasterosteidae","Gasterosteus","Three-spined stickleback","benthopelagic","anadromous","minor commercial"
"145","ASV156","species","Micropterus dolomieu","Eukaryota","Chordata","Actinopteri","Centrarchiformes","Centrarchidae","Micropterus","Micropterus dolomieu","best hit",NA,NA,NA,NA,NA,NA
"146","ASV157","species","Pholis gunnellus","Eukaryota","Chordata","Actinopteri","Perciformes","Pholidae","Pholis","Pholis gunnellus","best hit","Pholidae","Pholis","Rock gunnel","demersal","non-migratory","of no interest"
"147","ASV158","species","Tautogolabrus adspersus","Eukaryota","Chordata","Actinopteri","Labriformes","Labridae","Tautogolabrus","Tautogolabrus adspersus","best hit","Labridae","Tautogolabrus","Cunner","reef-associated",NA,"commercial"
"148","ASV159","species","Leptoclinus maculatus","Eukaryota","Chordata","Actinopteri","Perciformes","Stichaeidae","Leptoclinus","Leptoclinus maculatus","best hit","Stichaeidae","Leptoclinus","Daubed shanny","demersal",NA,NA
"149","ASV160","species","Gymnocanthus tricuspis","Eukaryota","Chordata","Actinopteri","Perciformes","Cottidae","Gymnocanthus","Gymnocanthus tricuspis","best hit","Cottidae","Gymnocanthus","Arctic staghorn sculpin","demersal",NA,NA
"150","ASV161","species","Gasterosteus aculeatus","Eukaryota","Chordata","Actinopteri","Perciformes","Gasterosteidae","Gasterosteus","Gasterosteus aculeatus","best hit","Gasterosteidae","Gasterosteus","Three-spined stickleback","benthopelagic","anadromous","minor commercial"
"151","ASV162","species","Tautogolabrus adspersus","Eukaryota","Chordata","Actinopteri","Labriformes","Labridae","Tautogolabrus","Tautogolabrus adspersus","best hit","Labridae","Tautogolabrus","Cunner","reef-associated",NA,"commercial"
"152","ASV163","species","Myzopsetta punctatissima","Eukaryota","Chordata","Actinopteri","Pleuronectiformes","Pleuronectidae","Myzopsetta","Myzopsetta punctatissima","best hit",NA,NA,NA,NA,NA,NA
"153","ASV164","species","Pungitius pungitius","Eukaryota","Chordata","Actinopteri","Perciformes","Gasterosteidae","Pungitius","Pungitius pungitius","best hit","Gasterosteidae","Pungitius","Ninespine stickleback","benthopelagic","anadromous","subsistence fisheries"
"154","ASV165","genus","Liparis","Eukaryota","Chordata","Actinopteri","Perciformes","Liparidae","Liparis","no identification","lca",NA,NA,NA,NA,NA,NA
"155","ASV166","species","Melanogrammus aeglefinus","Eukaryota","Chordata","Actinopteri","Gadiformes","Gadidae","Melanogrammus","Melanogrammus aeglefinus","best hit","Gadidae","Melanogrammus","Haddock","demersal","oceanodromous","highly commercial"
"156","ASV167","species","Gasterosteus aculeatus","Eukaryota","Chordata","Actinopteri","Perciformes","Gasterosteidae","Gasterosteus","Gasterosteus aculeatus","best hit","Gasterosteidae","Gasterosteus","Three-spined stickleback","benthopelagic","anadromous","minor commercial"
"157","ASV168","species","Megalocottus platycephalus","Eukaryota","Chordata","Actinopteri","Perciformes","Cottidae","Megalocottus","Megalocottus platycephalus","best hit",NA,NA,NA,NA,NA,NA
"158","ASV169","species","Ammodytes dubius","Eukaryota","Chordata","Actinopteri","Uranoscopiformes","Ammodytidae","Ammodytes","Ammodytes dubius","best hit","Ammodytidae","Ammodytes","Northern sand lance","demersal",NA,"of potential interest"
"159","ASV170","species","Fundulus diaphanus","Eukaryota","Chordata","Actinopteri","Cyprinodontiformes","Fundulidae","Fundulus","Fundulus diaphanus","best hit","Fundulidae","Fundulus","Banded killifish","benthopelagic","non-migratory","commercial"
"160","ASV171","species","Lampanyctus macdonaldi","Eukaryota","Chordata","Actinopteri","Myctophiformes","Myctophidae","Lampanyctus","Lampanyctus macdonaldi","best hit","Myctophidae","Lampanyctus","Rakery beaconlamp","bathypelagic","oceanodromous",NA
"161","ASV172","species","Merluccius bilinearis","Eukaryota","Chordata","Actinopteri","Gadiformes","Merlucciidae","Merluccius","Merluccius bilinearis","best hit","Merlucciidae","Merluccius","Silver hake","demersal","oceanodromous","highly commercial"
"162","ASV173","species","Liparis fabricii","Eukaryota","Chordata","Actinopteri","Perciformes","Liparidae","Liparis","Liparis fabricii","best hit","Liparidae","Liparis","Gelatinous snailfish","bathydemersal",NA,NA
"163","ASV174","species","Salvelinus fontinalis","Eukaryota","Chordata","Actinopteri","Salmoniformes","Salmonidae","Salvelinus","Salvelinus fontinalis","best hit","Salmonidae","Salvelinus","Brook trout","benthopelagic","anadromous","minor commercial"
"164","ASV176","species","Apeltes quadracus","Eukaryota","Chordata","Actinopteri","Perciformes","Gasterosteidae","Apeltes","Apeltes quadracus","best hit","Gasterosteidae","Apeltes","Fourspine stickleback","benthopelagic",NA,"commercial"
"165","ASV179","species","Salvelinus fontinalis","Eukaryota","Chordata","Actinopteri","Salmoniformes","Salmonidae","Salvelinus","Salvelinus fontinalis","best hit","Salmonidae","Salvelinus","Brook trout","benthopelagic","anadromous","minor commercial"
"166","ASV184","species","Scomber scombrus","Eukaryota","Chordata","Actinopteri","Scombriformes","Scombridae","Scomber","Scomber scombrus","best hit","Scombridae","Scomber","Atlantic mackerel","pelagic-neritic","oceanodromous","highly commercial"
"167","ASV187","species","Salvelinus fontinalis","Eukaryota","Chordata","Actinopteri","Salmoniformes","Salmonidae","Salvelinus","Salvelinus fontinalis","best hit","Salmonidae","Salvelinus","Brook trout","benthopelagic","anadromous","minor commercial"
"168","ASV188","species","Ammodytes cf. americanus","Eukaryota","Chordata","Actinopteri","Uranoscopiformes","Ammodytidae","Ammodytes","Ammodytes cf. americanus","best hit",NA,NA,NA,NA,NA,NA
"169","ASV190","class","Actinopteri","Eukaryota","Chordata","Actinopteri","no identification","no identification","no identification","no identification","lca",NA,NA,NA,NA,NA,NA
"170","ASV191","species","Salmo salar","Eukaryota","Chordata","Actinopteri","Salmoniformes","Salmonidae","Salmo","Salmo salar","best hit","Salmonidae","Salmo","Atlantic salmon","benthopelagic","anadromous","highly commercial"
"171","ASV192","species","Fundulus diaphanus","Eukaryota","Chordata","Actinopteri","Cyprinodontiformes","Fundulidae","Fundulus","Fundulus diaphanus","best hit","Fundulidae","Fundulus","Banded killifish","benthopelagic","non-migratory","commercial"
"172","ASV193","species","Artediellus ochotensis","Eukaryota","Chordata","Actinopteri","Perciformes","Cottidae","Artediellus","Artediellus ochotensis","best hit",NA,NA,NA,NA,NA,NA
"173","ASV194","species","Pholis gunnellus","Eukaryota","Chordata","Actinopteri","Perciformes","Pholidae","Pholis","Pholis gunnellus","best hit","Pholidae","Pholis","Rock gunnel","demersal","non-migratory","of no interest"
"174","ASV195","species","Ammodytes dubius","Eukaryota","Chordata","Actinopteri","Uranoscopiformes","Ammodytidae","Ammodytes","Ammodytes dubius","best hit","Ammodytidae","Ammodytes","Northern sand lance","demersal",NA,"of potential interest"
"175","ASV196","species","Osmerus mordax","Eukaryota","Chordata","Actinopteri","Osmeriformes","Osmeridae","Osmerus","Osmerus mordax","best hit","Osmeridae","Osmerus","Rainbow smelt","pelagic-oceanic","anadromous","commercial"
"176","ASV197","species","Ammodytes dubius","Eukaryota","Chordata","Actinopteri","Uranoscopiformes","Ammodytidae","Ammodytes","Ammodytes dubius","best hit","Ammodytidae","Ammodytes","Northern sand lance","demersal",NA,"of potential interest"
"177","ASV198","species","Salmo salar","Eukaryota","Chordata","Actinopteri","Salmoniformes","Salmonidae","Salmo","Salmo salar","best hit","Salmonidae","Salmo","Atlantic salmon","benthopelagic","anadromous","highly commercial"
"178","ASV199","species","Auxis thazard","Eukaryota","Chordata","Actinopteri","Scombriformes","Scombridae","Auxis","Auxis thazard","best hit","Scombridae","Auxis","Frigate tuna","pelagic-neritic","oceanodromous","highly commercial"
"179","ASV200","species","Gasterosteus aculeatus","Eukaryota","Chordata","Actinopteri","Perciformes","Gasterosteidae","Gasterosteus","Gasterosteus aculeatus","best hit","Gasterosteidae","Gasterosteus","Three-spined stickleback","benthopelagic","anadromous","minor commercial"
"180","ASV201","species","Scomber scombrus","Eukaryota","Chordata","Actinopteri","Scombriformes","Scombridae","Scomber","Scomber scombrus","best hit","Scombridae","Scomber","Atlantic mackerel","pelagic-neritic","oceanodromous","highly commercial"
"181","ASV202","species","Fundulus heteroclitus","Eukaryota","Chordata","Actinopteri","Cyprinodontiformes","Fundulidae","Fundulus","Fundulus heteroclitus","best hit","Fundulidae","Fundulus","Mummichog","benthopelagic","non-migratory","commercial"
"182","ASV203","species","Enchelyopus cimbrius","Eukaryota","Chordata","Actinopteri","Gadiformes","Gaidropsaridae","Enchelyopus","Enchelyopus cimbrius","best hit","Lotidae","Enchelyopus","Fourbeard rockling","demersal","oceanodromous","minor commercial"
"183","ASV204","species","Microgadus tomcod","Eukaryota","Chordata","Actinopteri","Gadiformes","Gadidae","Microgadus","Microgadus tomcod","best hit","Gadidae","Microgadus","Atlantic tomcod","demersal","anadromous","minor commercial"
"184","ASV205","species","Ammodytes dubius","Eukaryota","Chordata","Actinopteri","Uranoscopiformes","Ammodytidae","Ammodytes","Ammodytes dubius","best hit","Ammodytidae","Ammodytes","Northern sand lance","demersal",NA,"of potential interest"
"185","ASV207","species","Pholis gunnellus","Eukaryota","Chordata","Actinopteri","Perciformes","Pholidae","Pholis","Pholis gunnellus","best hit","Pholidae","Pholis","Rock gunnel","demersal","non-migratory","of no interest"
"186","ASV208","species","Notoscopelus elongatus","Eukaryota","Chordata","Actinopteri","Myctophiformes","Myctophidae","Notoscopelus","Notoscopelus elongatus","best hit",NA,NA,NA,NA,NA,NA
"187","ASV211","species","Scophthalmus aquosus","Eukaryota","Chordata","Actinopteri","Pleuronectiformes","Scophthalmidae","Scophthalmus","Scophthalmus aquosus","best hit","Scophthalmidae","Scophthalmus","Windowpane flounder","demersal",NA,"commercial"
"188","ASV213","species","Osmerus mordax","Eukaryota","Chordata","Actinopteri","Osmeriformes","Osmeridae","Osmerus","Osmerus mordax","best hit","Osmeridae","Osmerus","Rainbow smelt","pelagic-oceanic","anadromous","commercial"
"189","ASV214","species","Clupea harengus","Eukaryota","Chordata","Actinopteri","Clupeiformes","Clupeidae","Clupea","Clupea harengus","best hit","Clupeidae","Clupea","Atlantic herring","benthopelagic","oceanodromous","highly commercial"
"190","ASV215","species","Clupea harengus","Eukaryota","Chordata","Actinopteri","Clupeiformes","Clupeidae","Clupea","Clupea harengus","best hit","Clupeidae","Clupea","Atlantic herring","benthopelagic","oceanodromous","highly commercial"
"191","ASV216","species","Clupea harengus","Eukaryota","Chordata","Actinopteri","Clupeiformes","Clupeidae","Clupea","Clupea harengus","best hit","Clupeidae","Clupea","Atlantic herring","benthopelagic","oceanodromous","highly commercial"
"192","ASV219","species","Clupea harengus","Eukaryota","Chordata","Actinopteri","Clupeiformes","Clupeidae","Clupea","Clupea harengus","best hit","Clupeidae","Clupea","Atlantic herring","benthopelagic","oceanodromous","highly commercial"
"193","ASV220","species","Ammodytes dubius","Eukaryota","Chordata","Actinopteri","Uranoscopiformes","Ammodytidae","Ammodytes","Ammodytes dubius","best hit","Ammodytidae","Ammodytes","Northern sand lance","demersal",NA,"of potential interest"
"194","ASV222","species","Gasterosteus aculeatus","Eukaryota","Chordata","Actinopteri","Perciformes","Gasterosteidae","Gasterosteus","Gasterosteus aculeatus","best hit","Gasterosteidae","Gasterosteus","Three-spined stickleback","benthopelagic","anadromous","minor commercial"
"195","ASV223","species","Fundulus diaphanus","Eukaryota","Chordata","Actinopteri","Cyprinodontiformes","Fundulidae","Fundulus","Fundulus diaphanus","best hit","Fundulidae","Fundulus","Banded killifish","benthopelagic","non-migratory","commercial"
"196","ASV225","species","Tautogolabrus adspersus","Eukaryota","Chordata","Actinopteri","Labriformes","Labridae","Tautogolabrus","Tautogolabrus adspersus","best hit","Labridae","Tautogolabrus","Cunner","reef-associated",NA,"commercial"
"197","ASV226","species","Salmo salar","Eukaryota","Chordata","Actinopteri","Salmoniformes","Salmonidae","Salmo","Salmo salar","best hit","Salmonidae","Salmo","Atlantic salmon","benthopelagic","anadromous","highly commercial"
"198","ASV229","species","Osmerus mordax","Eukaryota","Chordata","Actinopteri","Osmeriformes","Osmeridae","Osmerus","Osmerus mordax","best hit","Osmeridae","Osmerus","Rainbow smelt","pelagic-oceanic","anadromous","commercial"
"199","ASV231","species","Clupea harengus","Eukaryota","Chordata","Actinopteri","Clupeiformes","Clupeidae","Clupea","Clupea harengus","best hit","Clupeidae","Clupea","Atlantic herring","benthopelagic","oceanodromous","highly commercial"
"200","ASV233","species","Ammodytes dubius","Eukaryota","Chordata","Actinopteri","Uranoscopiformes","Ammodytidae","Ammodytes","Ammodytes dubius","best hit","Ammodytidae","Ammodytes","Northern sand lance","demersal",NA,"of potential interest"
"201","ASV234","species","Osmerus mordax","Eukaryota","Chordata","Actinopteri","Osmeriformes","Osmeridae","Osmerus","Osmerus mordax","best hit","Osmeridae","Osmerus","Rainbow smelt","pelagic-oceanic","anadromous","commercial"
"202","ASV235","species","Salmo salar","Eukaryota","Chordata","Actinopteri","Salmoniformes","Salmonidae","Salmo","Salmo salar","best hit","Salmonidae","Salmo","Atlantic salmon","benthopelagic","anadromous","highly commercial"
"203","ASV236","species","Pholis gunnellus","Eukaryota","Chordata","Actinopteri","Perciformes","Pholidae","Pholis","Pholis gunnellus","best hit","Pholidae","Pholis","Rock gunnel","demersal","non-migratory","of no interest"
"204","ASV237","species","Salmo salar","Eukaryota","Chordata","Actinopteri","Salmoniformes","Salmonidae","Salmo","Salmo salar","best hit","Salmonidae","Salmo","Atlantic salmon","benthopelagic","anadromous","highly commercial"
"205","ASV240","species","Osmerus mordax","Eukaryota","Chordata","Actinopteri","Osmeriformes","Osmeridae","Osmerus","Osmerus mordax","best hit","Osmeridae","Osmerus","Rainbow smelt","pelagic-oceanic","anadromous","commercial"
"206","ASV241","species","Pholis gunnellus","Eukaryota","Chordata","Actinopteri","Perciformes","Pholidae","Pholis","Pholis gunnellus","best hit","Pholidae","Pholis","Rock gunnel","demersal","non-migratory","of no interest"
"207","ASV242","species","Enchelyopus cimbrius","Eukaryota","Chordata","Actinopteri","Gadiformes","Gaidropsaridae","Enchelyopus","Enchelyopus cimbrius","best hit","Lotidae","Enchelyopus","Fourbeard rockling","demersal","oceanodromous","minor commercial"
"208","ASV243","species","Osmerus mordax","Eukaryota","Chordata","Actinopteri","Osmeriformes","Osmeridae","Osmerus","Osmerus mordax","best hit","Osmeridae","Osmerus","Rainbow smelt","pelagic-oceanic","anadromous","commercial"
"209","ASV244","species","Auxis thazard","Eukaryota","Chordata","Actinopteri","Scombriformes","Scombridae","Auxis","Auxis thazard","best hit","Scombridae","Auxis","Frigate tuna","pelagic-neritic","oceanodromous","highly commercial"
"210","ASV245","species","Salmo salar","Eukaryota","Chordata","Actinopteri","Salmoniformes","Salmonidae","Salmo","Salmo salar","best hit","Salmonidae","Salmo","Atlantic salmon","benthopelagic","anadromous","highly commercial"
"211","ASV246","species","Pholis gunnellus","Eukaryota","Chordata","Actinopteri","Perciformes","Pholidae","Pholis","Pholis gunnellus","best hit","Pholidae","Pholis","Rock gunnel","demersal","non-migratory","of no interest"
"212","ASV247","species","Osmerus mordax","Eukaryota","Chordata","Actinopteri","Osmeriformes","Osmeridae","Osmerus","Osmerus mordax","best hit","Osmeridae","Osmerus","Rainbow smelt","pelagic-oceanic","anadromous","commercial"
"213","ASV248","species","Osmerus mordax","Eukaryota","Chordata","Actinopteri","Osmeriformes","Osmeridae","Osmerus","Osmerus mordax","best hit","Osmeridae","Osmerus","Rainbow smelt","pelagic-oceanic","anadromous","commercial"
"214","ASV249","species","Osmerus mordax","Eukaryota","Chordata","Actinopteri","Osmeriformes","Osmeridae","Osmerus","Osmerus mordax","best hit","Osmeridae","Osmerus","Rainbow smelt","pelagic-oceanic","anadromous","commercial"
"215","ASV250","species","Tautogolabrus adspersus","Eukaryota","Chordata","Actinopteri","Labriformes","Labridae","Tautogolabrus","Tautogolabrus adspersus","best hit","Labridae","Tautogolabrus","Cunner","reef-associated",NA,"commercial"
"216","ASV251","species","Salmo salar","Eukaryota","Chordata","Actinopteri","Salmoniformes","Salmonidae","Salmo","Salmo salar","best hit","Salmonidae","Salmo","Atlantic salmon","benthopelagic","anadromous","highly commercial"
"217","ASV253","species","Osmerus mordax","Eukaryota","Chordata","Actinopteri","Osmeriformes","Osmeridae","Osmerus","Osmerus mordax","best hit","Osmeridae","Osmerus","Rainbow smelt","pelagic-oceanic","anadromous","commercial"
"218","ASV254","species","Ammodytes dubius","Eukaryota","Chordata","Actinopteri","Uranoscopiformes","Ammodytidae","Ammodytes","Ammodytes dubius","best hit","Ammodytidae","Ammodytes","Northern sand lance","demersal",NA,"of potential interest"
"219","ASV256","species","Tautogolabrus adspersus","Eukaryota","Chordata","Actinopteri","Labriformes","Labridae","Tautogolabrus","Tautogolabrus adspersus","best hit","Labridae","Tautogolabrus","Cunner","reef-associated",NA,"commercial"
"220","ASV257","species","Pholis gunnellus","Eukaryota","Chordata","Actinopteri","Perciformes","Pholidae","Pholis","Pholis gunnellus","best hit","Pholidae","Pholis","Rock gunnel","demersal","non-migratory","of no interest"
"221","ASV258","species","Salvelinus fontinalis","Eukaryota","Chordata","Actinopteri","Salmoniformes","Salmonidae","Salvelinus","Salvelinus fontinalis","best hit","Salmonidae","Salvelinus","Brook trout","benthopelagic","anadromous","minor commercial"
"222","ASV259","species","Mallotus villosus","Eukaryota","Chordata","Actinopteri","Osmeriformes","Salangidae","Mallotus","Mallotus villosus","best hit","Osmeridae","Mallotus","Capelin","pelagic-oceanic","anadromous","highly commercial"
"223","ASV260","genus","Liparis","Eukaryota","Chordata","Actinopteri","Perciformes","Liparidae","Liparis","no identification","lca",NA,NA,NA,NA,NA,NA
"224","ASV261","species","Salmo salar","Eukaryota","Chordata","Actinopteri","Salmoniformes","Salmonidae","Salmo","Salmo salar","best hit","Salmonidae","Salmo","Atlantic salmon","benthopelagic","anadromous","highly commercial"
"225","ASV262","species","Notoscopelus elongatus","Eukaryota","Chordata","Actinopteri","Myctophiformes","Myctophidae","Notoscopelus","Notoscopelus elongatus","best hit",NA,NA,NA,NA,NA,NA
"226","ASV263","species","Lampanyctus australis","Eukaryota","Chordata","Actinopteri","Myctophiformes","Myctophidae","Lampanyctus","Lampanyctus australis","best hit",NA,NA,NA,NA,NA,NA
"227","ASV264","species","Pholis gunnellus","Eukaryota","Chordata","Actinopteri","Perciformes","Pholidae","Pholis","Pholis gunnellus","best hit","Pholidae","Pholis","Rock gunnel","demersal","non-migratory","of no interest"
"228","ASV267","species","Mallotus villosus","Eukaryota","Chordata","Actinopteri","Osmeriformes","Salangidae","Mallotus","Mallotus villosus","best hit","Osmeridae","Mallotus","Capelin","pelagic-oceanic","anadromous","highly commercial"
"229","ASV268","species","Ammodytes personatus","Eukaryota","Chordata","Actinopteri","Uranoscopiformes","Ammodytidae","Ammodytes","Ammodytes personatus","best hit",NA,NA,NA,NA,NA,NA
"230","ASV269","species","Osmerus mordax","Eukaryota","Chordata","Actinopteri","Osmeriformes","Osmeridae","Osmerus","Osmerus mordax","best hit","Osmeridae","Osmerus","Rainbow smelt","pelagic-oceanic","anadromous","commercial"
"231","ASV270","species","Osmerus mordax","Eukaryota","Chordata","Actinopteri","Osmeriformes","Osmeridae","Osmerus","Osmerus mordax","best hit","Osmeridae","Osmerus","Rainbow smelt","pelagic-oceanic","anadromous","commercial"
"232","ASV273","species","Tautogolabrus adspersus","Eukaryota","Chordata","Actinopteri","Labriformes","Labridae","Tautogolabrus","Tautogolabrus adspersus","best hit","Labridae","Tautogolabrus","Cunner","reef-associated",NA,"commercial"
"233","ASV274","species","Ammodytes dubius","Eukaryota","Chordata","Actinopteri","Uranoscopiformes","Ammodytidae","Ammodytes","Ammodytes dubius","best hit","Ammodytidae","Ammodytes","Northern sand lance","demersal",NA,"of potential interest"
"234","ASV275","species","Gasterosteus aculeatus","Eukaryota","Chordata","Actinopteri","Perciformes","Gasterosteidae","Gasterosteus","Gasterosteus aculeatus","best hit","Gasterosteidae","Gasterosteus","Three-spined stickleback","benthopelagic","anadromous","minor commercial"
"235","ASV276","species","Tautogolabrus adspersus","Eukaryota","Chordata","Actinopteri","Labriformes","Labridae","Tautogolabrus","Tautogolabrus adspersus","best hit","Labridae","Tautogolabrus","Cunner","reef-associated",NA,"commercial"
"236","ASV277","species","Scomber scombrus","Eukaryota","Chordata","Actinopteri","Scombriformes","Scombridae","Scomber","Scomber scombrus","best hit","Scombridae","Scomber","Atlantic mackerel","pelagic-neritic","oceanodromous","highly commercial"
"237","ASV278","species","Pholis gunnellus","Eukaryota","Chordata","Actinopteri","Perciformes","Pholidae","Pholis","Pholis gunnellus","best hit","Pholidae","Pholis","Rock gunnel","demersal","non-migratory","of no interest"
"238","ASV279","species","Tautogolabrus adspersus","Eukaryota","Chordata","Actinopteri","Labriformes","Labridae","Tautogolabrus","Tautogolabrus adspersus","best hit","Labridae","Tautogolabrus","Cunner","reef-associated",NA,"commercial"
"239","ASV280","species","Salmo salar","Eukaryota","Chordata","Actinopteri","Salmoniformes","Salmonidae","Salmo","Salmo salar","best hit","Salmonidae","Salmo","Atlantic salmon","benthopelagic","anadromous","highly commercial"
"240","ASV281","species","Gasterosteus aculeatus","Eukaryota","Chordata","Actinopteri","Perciformes","Gasterosteidae","Gasterosteus","Gasterosteus aculeatus","best hit","Gasterosteidae","Gasterosteus","Three-spined stickleback","benthopelagic","anadromous","minor commercial"
"241","ASV282","species","Sebastes mentella","Eukaryota","Chordata","Actinopteri","Perciformes","Sebastidae","Sebastes","Sebastes mentella","best hit","Sebastidae","Sebastes","Beaked redfish","bathypelagic","oceanodromous","commercial"
"242","ASV283","species","Osmerus mordax","Eukaryota","Chordata","Actinopteri","Osmeriformes","Osmeridae","Osmerus","Osmerus mordax","best hit","Osmeridae","Osmerus","Rainbow smelt","pelagic-oceanic","anadromous","commercial"
"243","ASV284","species","Pungitius pungitius","Eukaryota","Chordata","Actinopteri","Perciformes","Gasterosteidae","Pungitius","Pungitius pungitius","best hit","Gasterosteidae","Pungitius","Ninespine stickleback","benthopelagic","anadromous","subsistence fisheries"
"244","ASV285","species","Tautogolabrus adspersus","Eukaryota","Chordata","Actinopteri","Labriformes","Labridae","Tautogolabrus","Tautogolabrus adspersus","best hit","Labridae","Tautogolabrus","Cunner","reef-associated",NA,"commercial"
"245","ASV286","species","Osmerus mordax","Eukaryota","Chordata","Actinopteri","Osmeriformes","Osmeridae","Osmerus","Osmerus mordax","best hit","Osmeridae","Osmerus","Rainbow smelt","pelagic-oceanic","anadromous","commercial"
"246","ASV287","species","Osmerus mordax","Eukaryota","Chordata","Actinopteri","Osmeriformes","Osmeridae","Osmerus","Osmerus mordax","best hit","Osmeridae","Osmerus","Rainbow smelt","pelagic-oceanic","anadromous","commercial"
"247","ASV288","species","Osmerus mordax","Eukaryota","Chordata","Actinopteri","Osmeriformes","Osmeridae","Osmerus","Osmerus mordax","best hit","Osmeridae","Osmerus","Rainbow smelt","pelagic-oceanic","anadromous","commercial"
"248","ASV289","species","Scomber scombrus","Eukaryota","Chordata","Actinopteri","Scombriformes","Scombridae","Scomber","Scomber scombrus","best hit","Scombridae","Scomber","Atlantic mackerel","pelagic-neritic","oceanodromous","highly commercial"
"249","ASV290","species","Clupea harengus","Eukaryota","Chordata","Actinopteri","Clupeiformes","Clupeidae","Clupea","Clupea harengus","best hit","Clupeidae","Clupea","Atlantic herring","benthopelagic","oceanodromous","highly commercial"
"250","ASV291","species","Mallotus villosus","Eukaryota","Chordata","Actinopteri","Osmeriformes","Salangidae","Mallotus","Mallotus villosus","best hit","Osmeridae","Mallotus","Capelin","pelagic-oceanic","anadromous","highly commercial"
"251","ASV294","species","Merluccius bilinearis","Eukaryota","Chordata","Actinopteri","Gadiformes","Merlucciidae","Merluccius","Merluccius bilinearis","best hit","Merlucciidae","Merluccius","Silver hake","demersal","oceanodromous","highly commercial"
"252","ASV295","species","Mallotus villosus","Eukaryota","Chordata","Actinopteri","Osmeriformes","Salangidae","Mallotus","Mallotus villosus","best hit","Osmeridae","Mallotus","Capelin","pelagic-oceanic","anadromous","highly commercial"
"253","ASV296","species","Gasterosteus aculeatus","Eukaryota","Chordata","Actinopteri","Perciformes","Gasterosteidae","Gasterosteus","Gasterosteus aculeatus","best hit","Gasterosteidae","Gasterosteus","Three-spined stickleback","benthopelagic","anadromous","minor commercial"
"254","ASV297","species","Osmerus mordax","Eukaryota","Chordata","Actinopteri","Osmeriformes","Osmeridae","Osmerus","Osmerus mordax","best hit","Osmeridae","Osmerus","Rainbow smelt","pelagic-oceanic","anadromous","commercial"
"255","ASV298","species","Osmerus mordax","Eukaryota","Chordata","Actinopteri","Osmeriformes","Osmeridae","Osmerus","Osmerus mordax","best hit","Osmeridae","Osmerus","Rainbow smelt","pelagic-oceanic","anadromous","commercial"
"256","ASV300","species","Tautogolabrus adspersus","Eukaryota","Chordata","Actinopteri","Labriformes","Labridae","Tautogolabrus","Tautogolabrus adspersus","best hit","Labridae","Tautogolabrus","Cunner","reef-associated",NA,"commercial"
"257","ASV301","species","Oncorhynchus mykiss","Eukaryota","Chordata","Actinopteri","Salmoniformes","Salmonidae","Oncorhynchus","Oncorhynchus mykiss","best hit","Salmonidae","Oncorhynchus","Rainbow trout","benthopelagic","anadromous","highly commercial"
"258","ASV303","species","Ammodytes dubius","Eukaryota","Chordata","Actinopteri","Uranoscopiformes","Ammodytidae","Ammodytes","Ammodytes dubius","best hit","Ammodytidae","Ammodytes","Northern sand lance","demersal",NA,"of potential interest"
"259","ASV304","species","Scomber scombrus","Eukaryota","Chordata","Actinopteri","Scombriformes","Scombridae","Scomber","Scomber scombrus","best hit","Scombridae","Scomber","Atlantic mackerel","pelagic-neritic","oceanodromous","highly commercial"
"260","ASV305","species","Sebastes mentella","Eukaryota","Chordata","Actinopteri","Perciformes","Sebastidae","Sebastes","Sebastes mentella","best hit","Sebastidae","Sebastes","Beaked redfish","bathypelagic","oceanodromous","commercial"
"261","ASV307","species","Mallotus villosus","Eukaryota","Chordata","Actinopteri","Osmeriformes","Salangidae","Mallotus","Mallotus villosus","best hit","Osmeridae","Mallotus","Capelin","pelagic-oceanic","anadromous","highly commercial"
"262","ASV310","species","Megalocottus platycephalus","Eukaryota","Chordata","Actinopteri","Perciformes","Cottidae","Megalocottus","Megalocottus platycephalus","best hit",NA,NA,NA,NA,NA,NA
"263","ASV311","species","Apeltes quadracus","Eukaryota","Chordata","Actinopteri","Perciformes","Gasterosteidae","Apeltes","Apeltes quadracus","best hit","Gasterosteidae","Apeltes","Fourspine stickleback","benthopelagic",NA,"commercial"
"264","ASV312","species","Osmerus mordax","Eukaryota","Chordata","Actinopteri","Osmeriformes","Osmeridae","Osmerus","Osmerus mordax","best hit","Osmeridae","Osmerus","Rainbow smelt","pelagic-oceanic","anadromous","commercial"
"265","ASV314","species","Paralepididae sp.","Eukaryota","Chordata","Actinopteri","Aulopiformes","Paralepididae","unknown genus","Paralepididae sp.","best hit",NA,NA,NA,NA,NA,NA
"266","ASV315","species","Pholis gunnellus","Eukaryota","Chordata","Actinopteri","Perciformes","Pholidae","Pholis","Pholis gunnellus","best hit","Pholidae","Pholis","Rock gunnel","demersal","non-migratory","of no interest"
"267","ASV318","species","Tautogolabrus adspersus","Eukaryota","Chordata","Actinopteri","Labriformes","Labridae","Tautogolabrus","Tautogolabrus adspersus","best hit","Labridae","Tautogolabrus","Cunner","reef-associated",NA,"commercial"
"268","ASV322","species","Osmerus mordax","Eukaryota","Chordata","Actinopteri","Osmeriformes","Osmeridae","Osmerus","Osmerus mordax","best hit","Osmeridae","Osmerus","Rainbow smelt","pelagic-oceanic","anadromous","commercial"
"269","ASV323","species","Ammodytes dubius","Eukaryota","Chordata","Actinopteri","Uranoscopiformes","Ammodytidae","Ammodytes","Ammodytes dubius","best hit","Ammodytidae","Ammodytes","Northern sand lance","demersal",NA,"of potential interest"
"270","ASV324","species","Syngnathus fuscus","Eukaryota","Chordata","Actinopteri","Syngnathiformes","Syngnathidae","Syngnathus","Syngnathus fuscus","best hit","Syngnathidae","Syngnathus","Northern pipefish","demersal","amphidromous",NA
"271","ASV325","species","Mallotus villosus","Eukaryota","Chordata","Actinopteri","Osmeriformes","Salangidae","Mallotus","Mallotus villosus","best hit","Osmeridae","Mallotus","Capelin","pelagic-oceanic","anadromous","highly commercial"
"272","ASV326","species","Osmerus mordax","Eukaryota","Chordata","Actinopteri","Osmeriformes","Osmeridae","Osmerus","Osmerus mordax","best hit","Osmeridae","Osmerus","Rainbow smelt","pelagic-oceanic","anadromous","commercial"
"273","ASV328","species","Merluccius bilinearis","Eukaryota","Chordata","Actinopteri","Gadiformes","Merlucciidae","Merluccius","Merluccius bilinearis","best hit","Merlucciidae","Merluccius","Silver hake","demersal","oceanodromous","highly commercial"
"274","ASV329","species","Osmerus mordax","Eukaryota","Chordata","Actinopteri","Osmeriformes","Osmeridae","Osmerus","Osmerus mordax","best hit","Osmeridae","Osmerus","Rainbow smelt","pelagic-oceanic","anadromous","commercial"
"275","ASV330","species","Osmerus mordax","Eukaryota","Chordata","Actinopteri","Osmeriformes","Osmeridae","Osmerus","Osmerus mordax","best hit","Osmeridae","Osmerus","Rainbow smelt","pelagic-oceanic","anadromous","commercial"
"276","ASV331","species","Ammodytes dubius","Eukaryota","Chordata","Actinopteri","Uranoscopiformes","Ammodytidae","Ammodytes","Ammodytes dubius","best hit","Ammodytidae","Ammodytes","Northern sand lance","demersal",NA,"of potential interest"
"277","ASV332","species","Clupea harengus","Eukaryota","Chordata","Actinopteri","Clupeiformes","Clupeidae","Clupea","Clupea harengus","best hit","Clupeidae","Clupea","Atlantic herring","benthopelagic","oceanodromous","highly commercial"
"278","ASV333","species","Ammodytes personatus","Eukaryota","Chordata","Actinopteri","Uranoscopiformes","Ammodytidae","Ammodytes","Ammodytes personatus","best hit",NA,NA,NA,NA,NA,NA
"279","ASV334","species","Salmo trutta","Eukaryota","Chordata","Actinopteri","Salmoniformes","Salmonidae","Salmo","Salmo trutta","best hit","Salmonidae","Salmo","Sea trout","pelagic-neritic","anadromous","commercial"
"280","ASV336","species","Mallotus villosus","Eukaryota","Chordata","Actinopteri","Osmeriformes","Salangidae","Mallotus","Mallotus villosus","best hit","Osmeridae","Mallotus","Capelin","pelagic-oceanic","anadromous","highly commercial"
"281","ASV338","species","Megalocottus platycephalus","Eukaryota","Chordata","Actinopteri","Perciformes","Cottidae","Megalocottus","Megalocottus platycephalus","best hit",NA,NA,NA,NA,NA,NA
"282","ASV339","species","Scomber scombrus","Eukaryota","Chordata","Actinopteri","Scombriformes","Scombridae","Scomber","Scomber scombrus","best hit","Scombridae","Scomber","Atlantic mackerel","pelagic-neritic","oceanodromous","highly commercial"
"283","ASV340","species","Pholis gunnellus","Eukaryota","Chordata","Actinopteri","Perciformes","Pholidae","Pholis","Pholis gunnellus","best hit","Pholidae","Pholis","Rock gunnel","demersal","non-migratory","of no interest"
"284","ASV341","species","Urophycis chuss","Eukaryota","Chordata","Actinopteri","Gadiformes","Phycidae","Urophycis","Urophycis chuss","best hit","Phycidae","Urophycis","Red hake","demersal","oceanodromous","commercial"
"285","ASV342","species","Osmerus mordax","Eukaryota","Chordata","Actinopteri","Osmeriformes","Osmeridae","Osmerus","Osmerus mordax","best hit","Osmeridae","Osmerus","Rainbow smelt","pelagic-oceanic","anadromous","commercial"
"286","ASV343","species","Tautogolabrus adspersus","Eukaryota","Chordata","Actinopteri","Labriformes","Labridae","Tautogolabrus","Tautogolabrus adspersus","best hit","Labridae","Tautogolabrus","Cunner","reef-associated",NA,"commercial"
"287","ASV344","species","Clupea harengus","Eukaryota","Chordata","Actinopteri","Clupeiformes","Clupeidae","Clupea","Clupea harengus","best hit","Clupeidae","Clupea","Atlantic herring","benthopelagic","oceanodromous","highly commercial"
"288","ASV345","species","Conger oceanicus","Eukaryota","Chordata","Actinopteri","Anguilliformes","Congridae","Conger","Conger oceanicus","best hit","Congridae","Conger","American conger","demersal","oceanodromous","minor commercial"
"289","ASV348","species","Osmerus mordax","Eukaryota","Chordata","Actinopteri","Osmeriformes","Osmeridae","Osmerus","Osmerus mordax","best hit","Osmeridae","Osmerus","Rainbow smelt","pelagic-oceanic","anadromous","commercial"
"290","ASV349","species","Osmerus mordax","Eukaryota","Chordata","Actinopteri","Osmeriformes","Osmeridae","Osmerus","Osmerus mordax","best hit","Osmeridae","Osmerus","Rainbow smelt","pelagic-oceanic","anadromous","commercial"
"291","ASV350","species","Osmerus mordax","Eukaryota","Chordata","Actinopteri","Osmeriformes","Osmeridae","Osmerus","Osmerus mordax","best hit","Osmeridae","Osmerus","Rainbow smelt","pelagic-oceanic","anadromous","commercial"
"292","ASV351","species","Scomber scombrus","Eukaryota","Chordata","Actinopteri","Scombriformes","Scombridae","Scomber","Scomber scombrus","best hit","Scombridae","Scomber","Atlantic mackerel","pelagic-neritic","oceanodromous","highly commercial"
"293","ASV352","species","Tautogolabrus adspersus","Eukaryota","Chordata","Actinopteri","Labriformes","Labridae","Tautogolabrus","Tautogolabrus adspersus","best hit","Labridae","Tautogolabrus","Cunner","reef-associated",NA,"commercial"
"294","ASV354","species","Salmo salar","Eukaryota","Chordata","Actinopteri","Salmoniformes","Salmonidae","Salmo","Salmo salar","best hit","Salmonidae","Salmo","Atlantic salmon","benthopelagic","anadromous","highly commercial"
"295","ASV355","species","Osmerus mordax","Eukaryota","Chordata","Actinopteri","Osmeriformes","Osmeridae","Osmerus","Osmerus mordax","best hit","Osmeridae","Osmerus","Rainbow smelt","pelagic-oceanic","anadromous","commercial"
"296","ASV357","species","Osmerus mordax","Eukaryota","Chordata","Actinopteri","Osmeriformes","Osmeridae","Osmerus","Osmerus mordax","best hit","Osmeridae","Osmerus","Rainbow smelt","pelagic-oceanic","anadromous","commercial"
"297","ASV358","species","Megalocottus platycephalus","Eukaryota","Chordata","Actinopteri","Perciformes","Cottidae","Megalocottus","Megalocottus platycephalus","best hit",NA,NA,NA,NA,NA,NA
"298","ASV361","species","Pholis gunnellus","Eukaryota","Chordata","Actinopteri","Perciformes","Pholidae","Pholis","Pholis gunnellus","best hit","Pholidae","Pholis","Rock gunnel","demersal","non-migratory","of no interest"
"299","ASV362","species","Osmerus mordax","Eukaryota","Chordata","Actinopteri","Osmeriformes","Osmeridae","Osmerus","Osmerus mordax","best hit","Osmeridae","Osmerus","Rainbow smelt","pelagic-oceanic","anadromous","commercial"
"300","ASV363","species","Zoarces americanus","Eukaryota","Chordata","Actinopteri","Perciformes","Zoarcidae","Zoarces","Zoarces americanus","best hit","Zoarcidae","Zoarces","Ocean pout","demersal","oceanodromous","commercial"
"301","ASV364","species","Ammodytes dubius","Eukaryota","Chordata","Actinopteri","Uranoscopiformes","Ammodytidae","Ammodytes","Ammodytes dubius","best hit","Ammodytidae","Ammodytes","Northern sand lance","demersal",NA,"of potential interest"
"302","ASV365","genus","Merluccius","Eukaryota","Chordata","Actinopteri","Gadiformes","Merlucciidae","Merluccius","no identification","lca",NA,NA,NA,NA,NA,NA
"303","ASV366","species","Osmerus mordax","Eukaryota","Chordata","Actinopteri","Osmeriformes","Osmeridae","Osmerus","Osmerus mordax","best hit","Osmeridae","Osmerus","Rainbow smelt","pelagic-oceanic","anadromous","commercial"
"304","ASV367","species","Sebastes mentella","Eukaryota","Chordata","Actinopteri","Perciformes","Sebastidae","Sebastes","Sebastes mentella","best hit","Sebastidae","Sebastes","Beaked redfish","bathypelagic","oceanodromous","commercial"
"305","ASV370","species","Gasterosteus aculeatus","Eukaryota","Chordata","Actinopteri","Perciformes","Gasterosteidae","Gasterosteus","Gasterosteus aculeatus","best hit","Gasterosteidae","Gasterosteus","Three-spined stickleback","benthopelagic","anadromous","minor commercial"
"306","ASV371","species","Salmo salar","Eukaryota","Chordata","Actinopteri","Salmoniformes","Salmonidae","Salmo","Salmo salar","best hit","Salmonidae","Salmo","Atlantic salmon","benthopelagic","anadromous","highly commercial"
"307","ASV372","species","Scomberesox saurus","Eukaryota","Chordata","Actinopteri","Beloniformes","Belonidae","Scomberesox","Scomberesox saurus","best hit","Scomberesocidae","Scomberesox","Atlantic saury","pelagic-oceanic","oceanodromous","minor commercial"
"308","ASV373","species","Osmerus mordax","Eukaryota","Chordata","Actinopteri","Osmeriformes","Osmeridae","Osmerus","Osmerus mordax","best hit","Osmeridae","Osmerus","Rainbow smelt","pelagic-oceanic","anadromous","commercial"
"309","ASV375","species","Pholis gunnellus","Eukaryota","Chordata","Actinopteri","Perciformes","Pholidae","Pholis","Pholis gunnellus","best hit","Pholidae","Pholis","Rock gunnel","demersal","non-migratory","of no interest"
"310","ASV376","species","Pholis gunnellus","Eukaryota","Chordata","Actinopteri","Perciformes","Pholidae","Pholis","Pholis gunnellus","best hit","Pholidae","Pholis","Rock gunnel","demersal","non-migratory","of no interest"
"311","ASV380","species","Salmo salar","Eukaryota","Chordata","Actinopteri","Salmoniformes","Salmonidae","Salmo","Salmo salar","best hit","Salmonidae","Salmo","Atlantic salmon","benthopelagic","anadromous","highly commercial"
"312","ASV382","species","Oncorhynchus mykiss","Eukaryota","Chordata","Actinopteri","Salmoniformes","Salmonidae","Oncorhynchus","Oncorhynchus mykiss","best hit","Salmonidae","Oncorhynchus","Rainbow trout","benthopelagic","anadromous","highly commercial"
"313","ASV385","species","Mallotus villosus","Eukaryota","Chordata","Actinopteri","Osmeriformes","Salangidae","Mallotus","Mallotus villosus","best hit","Osmeridae","Mallotus","Capelin","pelagic-oceanic","anadromous","highly commercial"
"314","ASV386","order","Perciformes","Eukaryota","Chordata","Actinopteri","Perciformes","no identification","no identification","no identification","lca",NA,NA,NA,NA,NA,NA
"315","ASV388","species","Osmerus mordax","Eukaryota","Chordata","Actinopteri","Osmeriformes","Osmeridae","Osmerus","Osmerus mordax","best hit","Osmeridae","Osmerus","Rainbow smelt","pelagic-oceanic","anadromous","commercial"
"316","ASV391","species","Hemitripterus americanus","Eukaryota","Chordata","Actinopteri","Perciformes","Agonidae","Hemitripterus","Hemitripterus americanus","best hit","Hemitripteridae","Hemitripterus","Sea raven","demersal",NA,NA
"317","ASV392","species","Glyptocephalus cynoglossus","Eukaryota","Chordata","Actinopteri","Pleuronectiformes","Pleuronectidae","Glyptocephalus","Glyptocephalus cynoglossus","best hit","Pleuronectidae","Glyptocephalus","Witch flounder","demersal","oceanodromous","commercial"
"318","ASV394","species","Mallotus villosus","Eukaryota","Chordata","Actinopteri","Osmeriformes","Salangidae","Mallotus","Mallotus villosus","best hit","Osmeridae","Mallotus","Capelin","pelagic-oceanic","anadromous","highly commercial"
"319","ASV395","species","Salvelinus fontinalis","Eukaryota","Chordata","Actinopteri","Salmoniformes","Salmonidae","Salvelinus","Salvelinus fontinalis","best hit","Salmonidae","Salvelinus","Brook trout","benthopelagic","anadromous","minor commercial"
"320","ASV399","species","Salvelinus fontinalis","Eukaryota","Chordata","Actinopteri","Salmoniformes","Salmonidae","Salvelinus","Salvelinus fontinalis","best hit","Salmonidae","Salvelinus","Brook trout","benthopelagic","anadromous","minor commercial"
"321","ASV401","species","Syngnathus fuscus","Eukaryota","Chordata","Actinopteri","Syngnathiformes","Syngnathidae","Syngnathus","Syngnathus fuscus","best hit","Syngnathidae","Syngnathus","Northern pipefish","demersal","amphidromous",NA
"322","ASV402","species","Gasterosteus aculeatus","Eukaryota","Chordata","Actinopteri","Perciformes","Gasterosteidae","Gasterosteus","Gasterosteus aculeatus","best hit","Gasterosteidae","Gasterosteus","Three-spined stickleback","benthopelagic","anadromous","minor commercial"
"323","ASV406","species","Sebastes mentella","Eukaryota","Chordata","Actinopteri","Perciformes","Sebastidae","Sebastes","Sebastes mentella","best hit","Sebastidae","Sebastes","Beaked redfish","bathypelagic","oceanodromous","commercial"
"324","ASV408","species","Sebastes mentella","Eukaryota","Chordata","Actinopteri","Perciformes","Sebastidae","Sebastes","Sebastes mentella","best hit","Sebastidae","Sebastes","Beaked redfish","bathypelagic","oceanodromous","commercial"
"325","ASV415","species","Glyptocephalus cynoglossus","Eukaryota","Chordata","Actinopteri","Pleuronectiformes","Pleuronectidae","Glyptocephalus","Glyptocephalus cynoglossus","best hit","Pleuronectidae","Glyptocephalus","Witch flounder","demersal","oceanodromous","commercial"
"326","ASV418","species","Osmerus mordax","Eukaryota","Chordata","Actinopteri","Osmeriformes","Osmeridae","Osmerus","Osmerus mordax","best hit","Osmeridae","Osmerus","Rainbow smelt","pelagic-oceanic","anadromous","commercial"
"327","ASV420","species","Phycis chesteri","Eukaryota","Chordata","Actinopteri","Gadiformes","Phycidae","Phycis","Phycis chesteri","best hit","Phycidae","Phycis","Longfin hake","benthopelagic","non-migratory","of potential interest"
"328","ASV422","species","Mallotus villosus","Eukaryota","Chordata","Actinopteri","Osmeriformes","Salangidae","Mallotus","Mallotus villosus","best hit","Osmeridae","Mallotus","Capelin","pelagic-oceanic","anadromous","highly commercial"
"329","ASV424","species","Hippoglossus hippoglossus","Eukaryota","Chordata","Actinopteri","Pleuronectiformes","Pleuronectidae","Hippoglossus","Hippoglossus hippoglossus","best hit","Pleuronectidae","Hippoglossus","Atlantic halibut","demersal","oceanodromous","commercial"
"330","ASV426","species","Fundulus heteroclitus","Eukaryota","Chordata","Actinopteri","Cyprinodontiformes","Fundulidae","Fundulus","Fundulus heteroclitus","best hit","Fundulidae","Fundulus","Mummichog","benthopelagic","non-migratory","commercial"
"331","ASV427","species","Mallotus villosus","Eukaryota","Chordata","Actinopteri","Osmeriformes","Salangidae","Mallotus","Mallotus villosus","best hit","Osmeridae","Mallotus","Capelin","pelagic-oceanic","anadromous","highly commercial"
"332","ASV428","species","Salvelinus fontinalis","Eukaryota","Chordata","Actinopteri","Salmoniformes","Salmonidae","Salvelinus","Salvelinus fontinalis","best hit","Salmonidae","Salvelinus","Brook trout","benthopelagic","anadromous","minor commercial"
"333","ASV429","species","Salmo trutta","Eukaryota","Chordata","Actinopteri","Salmoniformes","Salmonidae","Salmo","Salmo trutta","best hit","Salmonidae","Salmo","Sea trout","pelagic-neritic","anadromous","commercial"
"334","ASV431","species","Syngnathus fuscus","Eukaryota","Chordata","Actinopteri","Syngnathiformes","Syngnathidae","Syngnathus","Syngnathus fuscus","best hit","Syngnathidae","Syngnathus","Northern pipefish","demersal","amphidromous",NA
"335","ASV432","species","Mallotus villosus","Eukaryota","Chordata","Actinopteri","Osmeriformes","Salangidae","Mallotus","Mallotus villosus","best hit","Osmeridae","Mallotus","Capelin","pelagic-oceanic","anadromous","highly commercial"
"336","ASV435","species","Ammodytes dubius","Eukaryota","Chordata","Actinopteri","Uranoscopiformes","Ammodytidae","Ammodytes","Ammodytes dubius","best hit","Ammodytidae","Ammodytes","Northern sand lance","demersal",NA,"of potential interest"
"337","ASV436","species","Salmo salar","Eukaryota","Chordata","Actinopteri","Salmoniformes","Salmonidae","Salmo","Salmo salar","best hit","Salmonidae","Salmo","Atlantic salmon","benthopelagic","anadromous","highly commercial"
"338","ASV437","species","Megalocottus platycephalus","Eukaryota","Chordata","Actinopteri","Perciformes","Cottidae","Megalocottus","Megalocottus platycephalus","best hit",NA,NA,NA,NA,NA,NA
"339","ASV438","species","Osmerus mordax","Eukaryota","Chordata","Actinopteri","Osmeriformes","Osmeridae","Osmerus","Osmerus mordax","best hit","Osmeridae","Osmerus","Rainbow smelt","pelagic-oceanic","anadromous","commercial"
"340","ASV439","species","Catostomus commersonii","Eukaryota","Chordata","Actinopteri","Cypriniformes","Catostomidae","Catostomus","Catostomus commersonii","best hit","Catostomidae","Catostomus","White sucker","demersal",NA,"minor commercial"
"341","ASV440","species","Anarhichas lupus","Eukaryota","Chordata","Actinopteri","Perciformes","Anarhichadidae","Anarhichas","Anarhichas lupus","best hit","Anarhichadidae","Anarhichas","Atlantic wolffish","demersal","oceanodromous","highly commercial"
"342","ASV442","species","Ammodytes dubius","Eukaryota","Chordata","Actinopteri","Uranoscopiformes","Ammodytidae","Ammodytes","Ammodytes dubius","best hit","Ammodytidae","Ammodytes","Northern sand lance","demersal",NA,"of potential interest"
"343","ASV444","order","Perciformes","Eukaryota","Chordata","Actinopteri","Perciformes","no identification","no identification","no identification","lca",NA,NA,NA,NA,NA,NA
"344","ASV445","species","Catostomus commersonii","Eukaryota","Chordata","Actinopteri","Cypriniformes","Catostomidae","Catostomus","Catostomus commersonii","best hit","Catostomidae","Catostomus","White sucker","demersal",NA,"minor commercial"
"345","ASV452","genus","Anarhichas","Eukaryota","Chordata","Actinopteri","Perciformes","Anarhichadidae","Anarhichas","no identification","lca",NA,NA,NA,NA,NA,NA
"346","ASV455","genus","Anarhichas","Eukaryota","Chordata","Actinopteri","Perciformes","Anarhichadidae","Anarhichas","no identification","lca",NA,NA,NA,NA,NA,NA
"347","ASV458","species","Salmo salar","Eukaryota","Chordata","Actinopteri","Salmoniformes","Salmonidae","Salmo","Salmo salar","best hit","Salmonidae","Salmo","Atlantic salmon","benthopelagic","anadromous","highly commercial"
"348","ASV466","species","Tautogolabrus adspersus","Eukaryota","Chordata","Actinopteri","Labriformes","Labridae","Tautogolabrus","Tautogolabrus adspersus","best hit","Labridae","Tautogolabrus","Cunner","reef-associated",NA,"commercial"
"349","ASV468","species","Salmo salar","Eukaryota","Chordata","Actinopteri","Salmoniformes","Salmonidae","Salmo","Salmo salar","best hit","Salmonidae","Salmo","Atlantic salmon","benthopelagic","anadromous","highly commercial"
"350","ASV473","species","Gadus morhua","Eukaryota","Chordata","Actinopteri","Gadiformes","Gadidae","Gadus","Gadus morhua","lca","Gadidae","Gadus","Atlantic cod","benthopelagic","oceanodromous","highly commercial"
"351","ASV474","species","Gasterosteus aculeatus","Eukaryota","Chordata","Actinopteri","Perciformes","Gasterosteidae","Gasterosteus","Gasterosteus aculeatus","best hit","Gasterosteidae","Gasterosteus","Three-spined stickleback","benthopelagic","anadromous","minor commercial"
"352","ASV478","species","Semotilus atromaculatus","Eukaryota","Chordata","Actinopteri","Cypriniformes","Leuciscidae","Semotilus","Semotilus atromaculatus","best hit",NA,NA,NA,NA,NA,NA
"353","ASV479","species","Osmerus mordax","Eukaryota","Chordata","Actinopteri","Osmeriformes","Osmeridae","Osmerus","Osmerus mordax","lca","Osmeridae","Osmerus","Rainbow smelt","pelagic-oceanic","anadromous","commercial"
"354","ASV482","species","Salvelinus fontinalis","Eukaryota","Chordata","Actinopteri","Salmoniformes","Salmonidae","Salvelinus","Salvelinus fontinalis","best hit","Salmonidae","Salvelinus","Brook trout","benthopelagic","anadromous","minor commercial"
"355","ASV486","species","Tautogolabrus adspersus","Eukaryota","Chordata","Actinopteri","Labriformes","Labridae","Tautogolabrus","Tautogolabrus adspersus","best hit","Labridae","Tautogolabrus","Cunner","reef-associated",NA,"commercial"
"356","ASV487","species","Menidia menidia","Eukaryota","Chordata","Actinopteri","Atheriniformes","Atherinopsidae","Menidia","Menidia menidia","best hit","Atherinopsidae","Menidia","Atlantic silverside","pelagic-neritic","oceanodromous","minor commercial"
"357","ASV488","species","Fundulus heteroclitus","Eukaryota","Chordata","Actinopteri","Cyprinodontiformes","Fundulidae","Fundulus","Fundulus heteroclitus","best hit","Fundulidae","Fundulus","Mummichog","benthopelagic","non-migratory","commercial"
"358","ASV489","species","Clupea harengus","Eukaryota","Chordata","Actinopteri","Clupeiformes","Clupeidae","Clupea","Clupea harengus","best hit","Clupeidae","Clupea","Atlantic herring","benthopelagic","oceanodromous","highly commercial"
"359","ASV491","species","Mallotus villosus","Eukaryota","Chordata","Actinopteri","Osmeriformes","Salangidae","Mallotus","Mallotus villosus","best hit","Osmeridae","Mallotus","Capelin","pelagic-oceanic","anadromous","highly commercial"
"360","ASV493","genus","Gasterosteus","Eukaryota","Chordata","Actinopteri","Perciformes","Gasterosteidae","Gasterosteus","no identification","lca",NA,NA,NA,NA,NA,NA
"361","ASV494","species","Sebastes mentella","Eukaryota","Chordata","Actinopteri","Perciformes","Sebastidae","Sebastes","Sebastes mentella","best hit","Sebastidae","Sebastes","Beaked redfish","bathypelagic","oceanodromous","commercial"
"362","ASV495","species","Peprilus triacanthus","Eukaryota","Chordata","Actinopteri","Scombriformes","Stromateidae","Peprilus","Peprilus triacanthus","best hit","Stromateidae","Peprilus","Atlantic butterfish","benthopelagic","oceanodromous","commercial"
"363","ASV496","species","Megalocottus platycephalus","Eukaryota","Chordata","Actinopteri","Perciformes","Cottidae","Megalocottus","Megalocottus platycephalus","best hit",NA,NA,NA,NA,NA,NA
"364","ASV497","species","Osmerus mordax","Eukaryota","Chordata","Actinopteri","Osmeriformes","Osmeridae","Osmerus","Osmerus mordax","best hit","Osmeridae","Osmerus","Rainbow smelt","pelagic-oceanic","anadromous","commercial"
"365","ASV499","species","Menidia menidia","Eukaryota","Chordata","Actinopteri","Atheriniformes","Atherinopsidae","Menidia","Menidia menidia","lca","Atherinopsidae","Menidia","Atlantic silverside","pelagic-neritic","oceanodromous","minor commercial"
"366","ASV501","species","Osmerus mordax","Eukaryota","Chordata","Actinopteri","Osmeriformes","Osmeridae","Osmerus","Osmerus mordax","best hit","Osmeridae","Osmerus","Rainbow smelt","pelagic-oceanic","anadromous","commercial"
"367","ASV503","species","Osmerus mordax","Eukaryota","Chordata","Actinopteri","Osmeriformes","Osmeridae","Osmerus","Osmerus mordax","best hit","Osmeridae","Osmerus","Rainbow smelt","pelagic-oceanic","anadromous","commercial"
"368","ASV508","species","Salmo salar","Eukaryota","Chordata","Actinopteri","Salmoniformes","Salmonidae","Salmo","Salmo salar","lca","Salmonidae","Salmo","Atlantic salmon","benthopelagic","anadromous","highly commercial"
"369","ASV509","species","Citharichthys arctifrons","Eukaryota","Chordata","Actinopteri","Pleuronectiformes","Cyclopsettidae","Citharichthys","Citharichthys arctifrons","best hit","Paralichthyidae","Citharichthys","Gulf Stream flounder","demersal",NA,NA
"370","ASV511","species","Salmo salar","Eukaryota","Chordata","Actinopteri","Salmoniformes","Salmonidae","Salmo","Salmo salar","best hit","Salmonidae","Salmo","Atlantic salmon","benthopelagic","anadromous","highly commercial"
"371","ASV512","species","Fundulus grandis","Eukaryota","Chordata","Actinopteri","Cyprinodontiformes","Fundulidae","Fundulus","Fundulus grandis","lca",NA,NA,NA,NA,NA,NA
"372","ASV515","species","Gasterosteus aculeatus","Eukaryota","Chordata","Actinopteri","Perciformes","Gasterosteidae","Gasterosteus","Gasterosteus aculeatus","best hit","Gasterosteidae","Gasterosteus","Three-spined stickleback","benthopelagic","anadromous","minor commercial"
"373","ASV516","species","Catostomus commersonii","Eukaryota","Chordata","Actinopteri","Cypriniformes","Catostomidae","Catostomus","Catostomus commersonii","best hit","Catostomidae","Catostomus","White sucker","demersal",NA,"minor commercial"
"374","ASV518","species","Menidia menidia","Eukaryota","Chordata","Actinopteri","Atheriniformes","Atherinopsidae","Menidia","Menidia menidia","best hit","Atherinopsidae","Menidia","Atlantic silverside","pelagic-neritic","oceanodromous","minor commercial"
"375","ASV521","species","Anguilla rostrata","Eukaryota","Chordata","Actinopteri","Anguilliformes","Anguillidae","Anguilla","Anguilla rostrata","best hit","Anguillidae","Anguilla","American eel","demersal","catadromous","commercial"
"376","ASV522","class","Actinopteri","Eukaryota","Chordata","Actinopteri","no identification","no identification","no identification","no identification","lca",NA,NA,NA,NA,NA,NA
"377","ASV523","species","Fundulus heteroclitus","Eukaryota","Chordata","Actinopteri","Cyprinodontiformes","Fundulidae","Fundulus","Fundulus heteroclitus","best hit","Fundulidae","Fundulus","Mummichog","benthopelagic","non-migratory","commercial"
"378","ASV525","species","Tautogolabrus adspersus","Eukaryota","Chordata","Actinopteri","Labriformes","Labridae","Tautogolabrus","Tautogolabrus adspersus","lca","Labridae","Tautogolabrus","Cunner","reef-associated",NA,"commercial"
"379","ASV526","species","Mola mola","Eukaryota","Chordata","Actinopteri","Tetraodontiformes","Molidae","Mola","Mola mola","best hit","Molidae","Mola","Ocean sunfish","pelagic-oceanic","oceanodromous","minor commercial"
"380","ASV527","species","Osmerus mordax","Eukaryota","Chordata","Actinopteri","Osmeriformes","Osmeridae","Osmerus","Osmerus mordax","best hit","Osmeridae","Osmerus","Rainbow smelt","pelagic-oceanic","anadromous","commercial"
"381","ASV531","species","Merluccius bilinearis","Eukaryota","Chordata","Actinopteri","Gadiformes","Merlucciidae","Merluccius","Merluccius bilinearis","lca","Merlucciidae","Merluccius","Silver hake","demersal","oceanodromous","highly commercial"
"382","ASV535","species","Alosa pseudoharengus","Eukaryota","Chordata","Actinopteri","Clupeiformes","Clupeidae","Alosa","Alosa pseudoharengus","best hit","Alosidae","Alosa","Alewife","pelagic-neritic","anadromous","commercial"
"383","ASV536","species","Merluccius bilinearis","Eukaryota","Chordata","Actinopteri","Gadiformes","Merlucciidae","Merluccius","Merluccius bilinearis","best hit","Merlucciidae","Merluccius","Silver hake","demersal","oceanodromous","highly commercial"
"384","ASV541","species","Ammodytes dubius","Eukaryota","Chordata","Actinopteri","Uranoscopiformes","Ammodytidae","Ammodytes","Ammodytes dubius","best hit","Ammodytidae","Ammodytes","Northern sand lance","demersal",NA,"of potential interest"
"385","ASV549","species","Megalocottus platycephalus","Eukaryota","Chordata","Actinopteri","Perciformes","Cottidae","Megalocottus","Megalocottus platycephalus","best hit",NA,NA,NA,NA,NA,NA
"386","ASV553","species","Menidia menidia","Eukaryota","Chordata","Actinopteri","Atheriniformes","Atherinopsidae","Menidia","Menidia menidia","best hit","Atherinopsidae","Menidia","Atlantic silverside","pelagic-neritic","oceanodromous","minor commercial"
"387","ASV559","species","Alosa aestivalis","Eukaryota","Chordata","Actinopteri","Clupeiformes","Clupeidae","Alosa","Alosa aestivalis","best hit","Alosidae","Alosa","Blueback shad","pelagic-neritic","anadromous","commercial"
"388","ASV562","genus","Triglops","Eukaryota","Chordata","Actinopteri","Perciformes","Cottidae","Triglops","no identification","lca",NA,NA,NA,NA,NA,NA
"389","ASV567","species","Clupea harengus","Eukaryota","Chordata","Actinopteri","Clupeiformes","Clupeidae","Clupea","Clupea harengus","lca","Clupeidae","Clupea","Atlantic herring","benthopelagic","oceanodromous","highly commercial"
"390","ASV568","species","Scomber scombrus","Eukaryota","Chordata","Actinopteri","Scombriformes","Scombridae","Scomber","Scomber scombrus","best hit","Scombridae","Scomber","Atlantic mackerel","pelagic-neritic","oceanodromous","highly commercial"
"391","ASV577","genus","Ammodytes","Eukaryota","Chordata","Actinopteri","Uranoscopiformes","Ammodytidae","Ammodytes","no identification","lca",NA,NA,NA,NA,NA,NA
"392","ASV617","species","Clupea harengus","Eukaryota","Chordata","Actinopteri","Clupeiformes","Clupeidae","Clupea","Clupea harengus","best hit","Clupeidae","Clupea","Atlantic herring","benthopelagic","oceanodromous","highly commercial"
"393","ASV627","species","Merluccius bilinearis","Eukaryota","Chordata","Actinopteri","Gadiformes","Merlucciidae","Merluccius","Merluccius bilinearis","best hit","Merlucciidae","Merluccius","Silver hake","demersal","oceanodromous","highly commercial"
